Account,Date,total_trades,net_volume,gross_volume,total_pnl,wins,losses,max_drawdown,num_trades,win_rate,timestamp,value,classification,date,sharpe_ratio,signal
0x083384f897ee0f19899168e3b1bec365f52a9012,2024-06-12,33,300.0,300.0,-175611.00005600002,0,33,-117990.1041,33,0.0,1718170200,72,Greed,2024-06-12,,Sell
0x083384f897ee0f19899168e3b1bec365f52a9012,2024-11-11,177,-281.0,281.0,0.0,0,0,0.0,177,0.0,1731303000,76,Extreme Greed,2024-11-11,,Hold
0x083384f897ee0f19899168e3b1bec365f52a9012,2025-01-03,45,0.0,59.3362,9482.221441,36,0,0.0,45,1.0,1735882200,74,Greed,2025-01-03,,Sell
0x083384f897ee0f19899168e3b1bec365f52a9012,2025-02-02,10,0.0,600.0,76710.0,9,0,0.0,10,1.0,1738474200,60,Greed,2025-02-02,,Sell
0x083384f897ee0f19899168e3b1bec365f52a9012,2025-03-02,839,-400.0,9078.259,101011.685664,256,115,-19841.24014,839,0.6900269541778976,1740893400,26,Fear,2025-03-02,0.9319630627234109,Buy
0x083384f897ee0f19899168e3b1bec365f52a9012,2025-03-03,641,8276.5498,9125.2102,533974.662903,540,0,0.0,641,1.0,1740979800,33,Fear,2025-03-03,2.404371029169009,Buy
0x083384f897ee0f19899168e3b1bec365f52a9012,2025-04-02,531,-299.79999999999995,15699.8,375620.270243,83,28,-5149.876128,531,0.7477477477477478,1743571800,44,Fear,2025-04-02,1.6723010756570982,Buy
0x083384f897ee0f19899168e3b1bec365f52a9012,2025-05-02,210,-599.5464000000001,2033.5464,44400.9058,78,0,0.0,210,1.0,1746163800,67,Greed,2025-05-02,0.204739771521732,Sell
0x23e7a7f8d14b550961925fbfdaa92f5d195ba5bd,2024-01-12,1,-0.00736001,0.00736001,0.0,0,0,0.0,1,0.0,1705037400,71,Greed,2024-01-12,0.0,Sell
0x23e7a7f8d14b550961925fbfdaa92f5d195ba5bd,2024-06-12,34,3761.97,3761.97,0.0,0,0,0.0,34,0.0,1718170200,72,Greed,2024-06-12,0.0,Sell
0x23e7a7f8d14b550961925fbfdaa92f5d195ba5bd,2024-07-12,26,-3760.6533117799995,3760.6533117799995,3515.031065,25,0,0.0,26,1.0,1720762200,25,Fear,2024-07-12,0.021471689976514597,Buy
0x23e7a7f8d14b550961925fbfdaa92f5d195ba5bd,2024-09-12,46,4109.51,4109.51,0.0,0,0,0.0,46,0.0,1726119000,31,Fear,2024-09-12,0.0,Buy
0x23e7a7f8d14b550961925fbfdaa92f5d195ba5bd,2024-10-12,64,-4108.0716733,4108.0716733,2517.787385,63,0,0.0,64,1.0,1728711000,49,Neutral,2024-10-12,1.4903815012977386,Hold
0x23e7a7f8d14b550961925fbfdaa92f5d195ba5bd,2025-01-02,78,1.099999999999909,6327.02,1162.002541,25,0,0.0,78,1.0,1735795800,70,Greed,2025-01-02,0.7465064749343262,Sell
0x23e7a7f8d14b550961925fbfdaa92f5d195ba5bd,2025-01-05,250,0.259999999999863,10498.84,1243.853569,81,0,0.0,250,1.0,1736055000,72,Greed,2025-01-05,0.9176125507215159,Sell
0x23e7a7f8d14b550961925fbfdaa92f5d195ba5bd,2025-02-02,517,551628.49989,1027391.96011,6352.452613,233,13,-360.22304,517,0.9471544715447154,1738474200,60,Greed,2025-02-02,2.5847623782893985,Sell
0x23e7a7f8d14b550961925fbfdaa92f5d195ba5bd,2025-03-03,110,-3863.7200000000003,11166.5,2480.902379,50,0,0.0,110,1.0,1740979800,33,Fear,2025-03-03,1.172960738944956,Buy
0x23e7a7f8d14b550961925fbfdaa92f5d195ba5bd,2025-03-04,1,4564.05,4564.05,0.0,0,0,0.0,1,0.0,1741066200,15,Extreme Fear,2025-03-04,0.0,Hold
0x23e7a7f8d14b550961925fbfdaa92f5d195ba5bd,2025-04-03,65,1.2600000000002183,7151.5,-3169.3554679999997,0,10,-3003.330755,65,0.0,1743658200,25,Fear,2025-04-03,-0.9096530604881108,Buy
0x271b280974205ca63b716753467d5a371de622ab,2024-05-12,4,-1.1102230246251565e-16,40.9446,208.81746,3,0,0.0,4,1.0,1715491800,56,Greed,2024-05-12,0.05924110917037352,Sell
0x28736f43f1e871e6aa8b1148d38d4994275d72c4,2024-01-12,193,-21225.065,35277.865,4458.25495,97,11,-11.881397,193,0.8981481481481481,1705037400,71,Greed,2024-01-12,1.5532610417229336,Sell
0x28736f43f1e871e6aa8b1148d38d4994275d72c4,2024-02-12,140,6011.89998,18269.42002,1283.846047,73,2,-13.4992,140,0.9733333333333334,1707715800,70,Greed,2024-02-12,0.4682849346922443,Sell
0x28736f43f1e871e6aa8b1148d38d4994275d72c4,2024-03-12,78,-823.9399999999999,17808.14,1190.358719,37,0,0.0,78,1.0,1710221400,81,Extreme Greed,2024-03-12,0.43557001980936794,Hold
0x28736f43f1e871e6aa8b1148d38d4994275d72c4,2024-04-12,112,-1380.6100000000001,16235.83,9066.169646,60,1,-0.058696,112,0.9836065573770492,1712899800,79,Extreme Greed,2024-04-12,2.499075090661805,Hold
0x28736f43f1e871e6aa8b1148d38d4994275d72c4,2024-05-12,98,3108.56,9077.82,14685.787664,48,0,0.0,98,1.0,1715491800,56,Greed,2024-05-12,2.5516167484564845,Sell
0x28736f43f1e871e6aa8b1148d38d4994275d72c4,2024-06-12,69,-1577.1100000000001,5888.71,389.176232,16,0,0.0,69,1.0,1718170200,72,Greed,2024-06-12,0.061648084886428756,Sell
0x28736f43f1e871e6aa8b1148d38d4994275d72c4,2024-07-12,86,-488.86,7718.98,4008.012049,36,0,0.0,86,1.0,1720762200,25,Fear,2024-07-12,0.669540320677953,Buy
0x28736f43f1e871e6aa8b1148d38d4994275d72c4,2024-08-12,102,-8640.6,11124.0,554.009942,43,0,0.0,102,1.0,1723440600,25,Fear,2024-08-12,0.09058543519964722,Buy
0x28736f43f1e871e6aa8b1148d38d4994275d72c4,2024-09-12,213,968.2500000000006,50284.770000000004,768.430838,126,3,-0.639806,213,0.9767441860465116,1726119000,31,Fear,2024-09-12,0.12569003417392133,Buy
0x28736f43f1e871e6aa8b1148d38d4994275d72c4,2024-10-12,157,31456.1,71642.14,980.557461,106,4,-17.95399,157,0.9636363636363636,1728711000,49,Neutral,2024-10-12,0.650245308474819,Hold
0x28736f43f1e871e6aa8b1148d38d4994275d72c4,2024-11-12,93,-10921.04272,11546.929100000001,1582.001112,32,8,-58.924386,93,0.8,1731389400,80,Extreme Greed,2024-11-12,1.121037708688179,Hold
0x28736f43f1e871e6aa8b1148d38d4994275d72c4,2024-12-12,147,-15600.11231,29296.83781,5806.86932,82,5,-53.409456,147,0.9425287356321839,1733981400,83,Extreme Greed,2024-12-12,2.6439349772525316,Hold
0x28736f43f1e871e6aa8b1148d38d4994275d72c4,2025-01-01,59,-8611.705,23932.945,109.82694000000001,21,0,0.0,59,1.0,1735709400,66,Greed,2025-01-01,0.04829884169407656,Sell
0x28736f43f1e871e6aa8b1148d38d4994275d72c4,2025-01-02,51,9850.09,13482.01,3.536668000000001,21,8,-17.930871,51,0.7241379310344828,1735795800,70,Greed,2025-01-02,0.0014812018326575166,Sell
0x28736f43f1e871e6aa8b1148d38d4994275d72c4,2025-01-03,37,52.29999436999995,2408.70000563,557.9358,14,0,0.0,37,1.0,1735882200,74,Greed,2025-01-03,0.22992975825927947,Sell
0x28736f43f1e871e6aa8b1148d38d4994275d72c4,2025-01-04,41,-444902.86,554624.74,768.351892,27,2,-4.36812,41,0.9310344827586207,1735968600,73,Greed,2025-01-04,0.31282542694489057,Sell
0x28736f43f1e871e6aa8b1148d38d4994275d72c4,2025-01-05,2,-14.0,14.0,16.923621,2,0,7.487838,2,1.0,1736055000,72,Greed,2025-01-05,0.04836822089224133,Sell
0x28736f43f1e871e6aa8b1148d38d4994275d72c4,2025-02-01,101,-23793.42474,28372.62474,416.546688,46,1,-4.358652,101,0.9787234042553191,1738387800,68,Greed,2025-02-01,1.2369296046527518,Sell
0x28736f43f1e871e6aa8b1148d38d4994275d72c4,2025-02-02,91,-6040.400000000001,78369.04,-1416.906536,5,11,-815.648519,91,0.3125,1738474200,60,Greed,2025-02-02,-1.6200971402886046,Sell
0x28736f43f1e871e6aa8b1148d38d4994275d72c4,2025-02-03,73,-4449.5650000000005,15253.565,8330.21747,56,0,0.0,73,1.0,1738560600,44,Fear,2025-02-03,2.169128292057744,Buy
0x28736f43f1e871e6aa8b1148d38d4994275d72c4,2025-02-04,70,-318467.55,912417.25,669.381363,42,0,0.0,70,1.0,1738647000,72,Greed,2025-02-04,0.17404114564383988,Sell
0x28736f43f1e871e6aa8b1148d38d4994275d72c4,2025-03-01,69,26002.29488,29961.94512,250.581483,36,3,-14.35003,69,0.9230769230769231,1740807000,20,Extreme Fear,2025-03-01,0.06553943885259464,Hold
0x28736f43f1e871e6aa8b1148d38d4994275d72c4,2025-03-02,75,-1007.8349096700001,8169.2949096699995,439.634046,45,1,-8.0,75,0.9782608695652174,1740893400,26,Fear,2025-03-02,0.11504164463960272,Buy
0x28736f43f1e871e6aa8b1148d38d4994275d72c4,2025-03-03,58,2778.5,7744.5,494.669357,21,0,0.0,58,1.0,1740979800,33,Fear,2025-03-03,0.14048144466474016,Buy
0x28736f43f1e871e6aa8b1148d38d4994275d72c4,2025-03-04,85,493589.89999999997,1478642.3,149.51234499999998,10,11,-9.7026,85,0.47619047619047616,1741066200,15,Extreme Fear,2025-03-04,0.7291841469629058,Hold
0x28736f43f1e871e6aa8b1148d38d4994275d72c4,2025-04-01,81,-5454.425139999999,12475.825139999999,232.66549799999999,40,8,-2.634044,81,0.8333333333333334,1743485400,34,Fear,2025-04-01,1.585687221040407,Buy
0x28736f43f1e871e6aa8b1148d38d4994275d72c4,2025-04-02,48,1023.7759699999999,6412.29803,1291.500575,17,0,0.0,48,1.0,1743571800,44,Fear,2025-04-02,2.8487623092623298,Buy
0x28736f43f1e871e6aa8b1148d38d4994275d72c4,2025-04-03,43,3339.0699999999997,3340.0699999999997,163.73415,13,0,0.0,43,1.0,1743658200,25,Fear,2025-04-03,0.3398894174806923,Buy
0x28736f43f1e871e6aa8b1148d38d4994275d72c4,2025-04-04,100,-239855.0,544315.26,498.73528200000004,56,7,-8.937,100,0.8888888888888888,1743744600,28,Fear,2025-04-04,1.0351698960860234,Buy
0x28736f43f1e871e6aa8b1148d38d4994275d72c4,2025-05-01,82,-15492.97,19675.57,87.752181,44,3,-4.445354,82,0.9361702127659575,1746077400,53,Neutral,2025-05-01,0.1781255911395735,Hold
0x28736f43f1e871e6aa8b1148d38d4994275d72c4,2025-05-02,83,702.84413,7689.87587,696.8107239999999,37,1,-0.78,83,0.9736842105263158,1746163800,67,Greed,2025-05-02,1.4398232544572225,Sell
0x2c229d22b100a7beb69122eed721cee9b24011dd,2024-01-11,14,0.0,57936.0,-0.09906000000000104,4,4,-3.48624,14,0.5,1704951000,76,Extreme Greed,2024-01-11,-0.00033485129256642356,Hold
0x2c229d22b100a7beb69122eed721cee9b24011dd,2024-02-12,53,11.0,171439.0,16196.864846,30,0,0.0,53,1.0,1707715800,70,Greed,2024-02-12,2.2793847777000025,Sell
0x2c229d22b100a7beb69122eed721cee9b24011dd,2024-03-12,59,139.0,186907.0,121.535562,14,12,-28.666854,59,0.5384615384615384,1710221400,81,Extreme Greed,2024-03-12,0.01700401644189096,Hold
0x2c229d22b100a7beb69122eed721cee9b24011dd,2024-04-12,37,-150.0,13134828.0,7591.307059,25,0,0.0,37,1.0,1712899800,79,Extreme Greed,2024-04-12,1.0752637307102142,Hold
0x2c229d22b100a7beb69122eed721cee9b24011dd,2024-05-12,33,-6.808442698513772e-14,3068.4,2069.92634,30,0,0.0,33,1.0,1715491800,56,Greed,2024-05-12,0.3009083574963998,Sell
0x2c229d22b100a7beb69122eed721cee9b24011dd,2024-06-11,3,0.0,11682.0,-3.41119,0,2,-2.94399,3,0.0,1718083800,74,Greed,2024-06-11,-0.0004958448135389599,Sell
0x2c229d22b100a7beb69122eed721cee9b24011dd,2024-06-12,9,0.0,49592.0,-123.870122,0,4,-116.3565,9,0.0,1718170200,72,Greed,2024-06-12,-0.03765024259696361,Sell
0x2c229d22b100a7beb69122eed721cee9b24011dd,2024-08-11,15,1.0658141036401503e-14,8023.4,-710.786946,0,10,-195.741504,15,0.0,1723354200,39,Fear,2024-08-11,-0.20765971353671367,Buy
0x2c229d22b100a7beb69122eed721cee9b24011dd,2024-10-12,12,0.0,2084672.0,130.883691,7,0,0.0,12,1.0,1728711000,49,Neutral,2024-10-12,0.12407728709241742,Hold
0x2c229d22b100a7beb69122eed721cee9b24011dd,2024-11-12,19,0.0,100694.0,8544.6855,10,0,0.0,19,1.0,1731389400,80,Extreme Greed,2024-11-12,2.18334896581074,Hold
0x2c229d22b100a7beb69122eed721cee9b24011dd,2024-12-12,62,0.0,452804.0,7639.595794,39,0,0.0,62,1.0,1733981400,83,Extreme Greed,2024-12-12,1.6672598204808275,Hold
0x2c229d22b100a7beb69122eed721cee9b24011dd,2025-01-02,21,-6.821210263296962e-13,18870.8,88.50699399999999,12,4,-6.529653,21,0.75,1735795800,70,Greed,2025-01-02,0.019470678763956015,Sell
0x2c229d22b100a7beb69122eed721cee9b24011dd,2025-01-04,9,0.0,228.06,1334.414834,4,0,0.0,9,1.0,1735968600,73,Greed,2025-01-04,0.3184118135596888,Sell
0x2c229d22b100a7beb69122eed721cee9b24011dd,2025-02-04,6,1.1102230246251565e-16,3.8760000000000003,1.1031579999999999,2,1,-0.057424,6,0.6666666666666666,1738647000,72,Greed,2025-02-04,0.00026155971574197407,Sell
0x2c229d22b100a7beb69122eed721cee9b24011dd,2025-03-04,26,0.0,3092470.0,160.127816,19,0,0.0,26,1.0,1741066200,15,Extreme Fear,2025-03-04,0.04874675602232437,Hold
0x3998f134d6aaa2b6a5f723806d00fd2bbbbce891,2023-01-05,3,0.25129999999999997,0.25129999999999997,0.0,0,0,0.0,3,0.0,1672896600,29,Fear,2023-01-05,0.0,Buy
0x3998f134d6aaa2b6a5f723806d00fd2bbbbce891,2024-01-08,1,-16.4860535,16.4860535,0.0,0,0,0.0,1,0.0,1704691800,71,Greed,2024-01-08,0.0,Sell
0x3998f134d6aaa2b6a5f723806d00fd2bbbbce891,2024-01-12,3,-3333523.95,3333528.05,13.566929,2,0,0.0,3,1.0,1705037400,71,Greed,2024-01-12,0.19324553393728758,Sell
0x3998f134d6aaa2b6a5f723806d00fd2bbbbce891,2024-02-12,1,-0.39853,0.39853,0.0,0,0,0.0,1,0.0,1707715800,70,Greed,2024-02-12,0.0,Sell
0x3998f134d6aaa2b6a5f723806d00fd2bbbbce891,2024-03-08,1,-2023.32184,2023.32184,0.0,0,0,0.0,1,0.0,1709875800,81,Extreme Greed,2024-03-08,0.0,Hold
0x3998f134d6aaa2b6a5f723806d00fd2bbbbce891,2024-04-08,1,-875.4988657,875.4988657,0.0,0,0,0.0,1,0.0,1712554200,76,Extreme Greed,2024-04-08,0.0,Hold
0x3998f134d6aaa2b6a5f723806d00fd2bbbbce891,2024-05-09,1,-10818.93703,10818.93703,0.0,0,0,0.0,1,0.0,1715232600,55,Greed,2024-05-09,0.0,Sell
0x3998f134d6aaa2b6a5f723806d00fd2bbbbce891,2024-06-08,27,-161421.27,165981.27,215.754798,8,13,-0.12379,27,0.38095238095238093,1717824600,72,Greed,2024-06-08,2.2360679547754816,Sell
0x3998f134d6aaa2b6a5f723806d00fd2bbbbce891,2024-07-08,11,-2.27451012,2.27451012,0.0,0,0,0.0,11,0.0,1720416600,28,Fear,2024-07-08,0.0,Buy
0x3998f134d6aaa2b6a5f723806d00fd2bbbbce891,2024-11-01,2,1.0,1.0,0.0,0,0,0.0,2,0.0,1730439000,75,Extreme Greed,2024-11-01,0.0,Hold
0x39cef799f8b69da1995852eea189df24eb5cae3c,2024-01-12,1,-459.0,459.0,0.0,0,0,0.0,1,0.0,1705037400,71,Greed,2024-01-12,0.0,Sell
0x39cef799f8b69da1995852eea189df24eb5cae3c,2024-03-12,1,-500.0,500.0,0.0,0,0,0.0,1,0.0,1710221400,81,Extreme Greed,2024-03-12,0.0,Hold
0x39cef799f8b69da1995852eea189df24eb5cae3c,2024-05-12,6,402.27394,402.27394,0.0,0,0,0.0,6,0.0,1715491800,56,Greed,2024-05-12,0.0,Sell
0x39cef799f8b69da1995852eea189df24eb5cae3c,2024-06-12,20,-10610.96945,11595.03055,0.0,0,0,0.0,20,0.0,1718170200,72,Greed,2024-06-12,0.0,Sell
0x39cef799f8b69da1995852eea189df24eb5cae3c,2024-09-12,8,12062.0,12062.0,483.662076,8,0,10.0245,8,1.0,1726119000,31,Fear,2024-09-12,2.236067967251532,Buy
0x39cef799f8b69da1995852eea189df24eb5cae3c,2024-10-12,3,156.92631,156.92631,0.0,0,0,0.0,3,0.0,1728711000,49,Neutral,2024-10-12,0.0,Hold
0x39cef799f8b69da1995852eea189df24eb5cae3c,2024-11-12,4,-1.59311,1.59311,3721.345649,4,0,828.824038,4,1.0,1731389400,80,Extreme Greed,2024-11-12,2.29185785221356,Hold
0x39cef799f8b69da1995852eea189df24eb5cae3c,2024-12-11,2,3.0996,3.0996,0.0,0,0,0.0,2,0.0,1733895000,74,Greed,2024-12-11,0.0,Sell
0x39cef799f8b69da1995852eea189df24eb5cae3c,2025-01-01,12,-263.64999999999986,7859.57,-9655.676981,5,1,-9691.525303,12,0.8333333333333334,1735709400,66,Greed,2025-01-01,-1.918018031023889,Sell
0x39cef799f8b69da1995852eea189df24eb5cae3c,2025-03-01,1,266.73,266.73,0.0,0,0,0.0,1,0.0,1740807000,20,Extreme Fear,2025-03-01,0.0,Hold
0x39cef799f8b69da1995852eea189df24eb5cae3c,2025-03-04,142,-380.5683,380.5683,0.0,0,0,0.0,142,0.0,1741066200,15,Extreme Fear,2025-03-04,0.0,Hold
0x39cef799f8b69da1995852eea189df24eb5cae3c,2025-04-03,63,5730.545899999999,12421.7059,863.956464,30,0,0.0,63,1.0,1743658200,25,Fear,2025-04-03,0.19499913265538305,Buy
0x39cef799f8b69da1995852eea189df24eb5cae3c,2025-04-04,34,380.56820000000005,380.56820000000005,266.39774,34,0,0.00406,34,1.0,1743744600,28,Fear,2025-04-04,0.059750390739203414,Buy
0x3f9a0aadc7f04a7c9d75dc1b5a6ddd6e36486cf6,2024-02-12,1,5836.59,5836.59,0.0,0,0,0.0,1,0.0,1707715800,70,Greed,2024-02-12,0.0,Sell
0x3f9a0aadc7f04a7c9d75dc1b5a6ddd6e36486cf6,2024-03-10,5,1.4210854715202004e-13,3776.0,100.375782,3,0,0.0,5,1.0,1710048600,79,Extreme Greed,2024-03-10,0.2771890180062051,Hold
0x3f9a0aadc7f04a7c9d75dc1b5a6ddd6e36486cf6,2024-03-11,2,129415.0,129415.0,0.0,0,0,0.0,2,0.0,1710135000,82,Extreme Greed,2024-03-11,0.0,Hold
0x3f9a0aadc7f04a7c9d75dc1b5a6ddd6e36486cf6,2024-04-11,10,-129415.0,129415.0,540.05911,10,0,6.641824,10,1.0,1712813400,76,Extreme Greed,2024-04-11,2.3669631405599647,Hold
0x3f9a0aadc7f04a7c9d75dc1b5a6ddd6e36486cf6,2024-07-11,16,0.0,81184.0,503.46257599999996,11,0,0.0,16,1.0,1720675800,29,Fear,2024-07-11,1.8585883254800175,Buy
0x3f9a0aadc7f04a7c9d75dc1b5a6ddd6e36486cf6,2024-10-11,1,4631.3,4631.3,0.0,0,0,0.0,1,0.0,1728624600,32,Fear,2024-10-11,0.0,Buy
0x3f9a0aadc7f04a7c9d75dc1b5a6ddd6e36486cf6,2024-11-11,4,-4631.299999999999,4631.299999999999,393.07947,4,0,2.16315,4,1.0,1731303000,76,Extreme Greed,2024-11-11,1.4677639177972728,Hold
0x3f9a0aadc7f04a7c9d75dc1b5a6ddd6e36486cf6,2024-12-11,4,1685.8000000000002,1685.8000000000002,0.0,0,0,0.0,4,0.0,1733895000,74,Greed,2024-12-11,0.0,Sell
0x3f9a0aadc7f04a7c9d75dc1b5a6ddd6e36486cf6,2025-04-04,1,0.7678,0.7678,0.0,0,0,0.0,1,0.0,1743744600,28,Fear,2025-04-04,0.0,Buy
0x420ab45e0bd8863569a5efbb9c05d91f40624641,2024-06-12,45,-12341.0,12341.0,0.0,0,0,0.0,45,0.0,1718170200,72,Greed,2024-06-12,0.0,Sell
0x420ab45e0bd8863569a5efbb9c05d91f40624641,2024-12-12,10,290.0,290.0,1762.46,10,0,13.02714,10,1.0,1733981400,83,Extreme Greed,2024-12-12,2.3085056191146878,Hold
0x430f09841d65beb3f27765503d0f850b8bce7713,2024-05-10,1,-2269.151296,2269.151296,0.0,0,0,0.0,1,0.0,1715319000,66,Greed,2024-05-10,0.0,Sell
0x430f09841d65beb3f27765503d0f850b8bce7713,2024-09-08,1,-7655.26437,7655.26437,0.0,0,0,0.0,1,0.0,1725773400,29,Fear,2024-09-08,0.0,Buy
0x430f09841d65beb3f27765503d0f850b8bce7713,2024-10-08,1,-5356.19957,5356.19957,0.0,0,0,0.0,1,0.0,1728365400,49,Neutral,2024-10-08,0.0,Hold
0x430f09841d65beb3f27765503d0f850b8bce7713,2024-11-09,1,-35870.82982,35870.82982,0.0,0,0,0.0,1,0.0,1731130200,75,Extreme Greed,2024-11-09,0.0,Hold
0x430f09841d65beb3f27765503d0f850b8bce7713,2024-11-10,1,-4512.64906,4512.64906,0.0,0,0,0.0,1,0.0,1731216600,78,Extreme Greed,2024-11-10,0.0,Hold
0x430f09841d65beb3f27765503d0f850b8bce7713,2024-12-08,1,-3054.266604,3054.266604,0.0,0,0,0.0,1,0.0,1733635800,79,Extreme Greed,2024-12-08,0.0,Hold
0x47add9a56df66b524d5e2c1993a43cde53b6ed85,2024-01-12,4,0.0,150.0,197.422418,2,0,0.0,4,1.0,1705037400,71,Greed,2024-01-12,2.236067952710265,Sell
0x47add9a56df66b524d5e2c1993a43cde53b6ed85,2024-03-12,42,-14908.76,17495.239999999998,30.727222,1,0,0.0,42,1.0,1710221400,81,Extreme Greed,2024-03-12,0.3577450849649135,Hold
0x47add9a56df66b524d5e2c1993a43cde53b6ed85,2024-04-12,102,-3066.1,213265.36,910.584797,14,14,-10.198826,102,0.5,1712899800,79,Extreme Greed,2024-04-12,2.3322634762156413,Hold
0x47add9a56df66b524d5e2c1993a43cde53b6ed85,2024-05-12,290,16779.81,59318.07,3174.023699,106,12,-158.805986,290,0.8983050847457628,1715491800,56,Greed,2024-05-12,2.3619205762257014,Sell
0x47add9a56df66b524d5e2c1993a43cde53b6ed85,2024-06-12,108,4031.52,19701.32,514.886454,32,6,-11.6551,108,0.8421052631578947,1718170200,72,Greed,2024-06-12,0.40244580637579763,Sell
0x47add9a56df66b524d5e2c1993a43cde53b6ed85,2024-07-12,180,-20306.738000000005,1274306.804,1040.616939,63,11,-3.056424,180,0.8513513513513513,1720762200,25,Fear,2024-07-12,0.8626366728237225,Buy
0x47add9a56df66b524d5e2c1993a43cde53b6ed85,2024-08-12,69,183.35999999999703,336985.7,227.072158,25,2,-1.91433,69,0.9259259259259259,1723440600,25,Fear,2024-08-12,0.19510093927608663,Buy
0x47add9a56df66b524d5e2c1993a43cde53b6ed85,2024-09-12,55,-70374.14,78959.29999999999,311.290605,19,3,-2.016795,55,0.8636363636363636,1726119000,31,Fear,2024-09-12,0.25372937350006575,Buy
0x47add9a56df66b524d5e2c1993a43cde53b6ed85,2024-10-12,182,41736.443,152703.09118000002,1474.670598,67,9,-76.40042,182,0.881578947368421,1728711000,49,Neutral,2024-10-12,2.78163280308063,Hold
0x47add9a56df66b524d5e2c1993a43cde53b6ed85,2024-11-12,325,48006.975,78985.9942,1157.689489,109,1,-16.303168,325,0.990909090909091,1731389400,80,Extreme Greed,2024-11-12,2.114374400600174,Hold
0x47add9a56df66b524d5e2c1993a43cde53b6ed85,2024-12-12,159,1004.4842999999987,302001.12492000003,574.398074,46,15,-156.735648,159,0.7540983606557377,1733981400,83,Extreme Greed,2024-12-12,1.0539374567570228,Hold
0x47add9a56df66b524d5e2c1993a43cde53b6ed85,2025-01-01,16,944.6274000000001,1972.3126,17.784696,3,0,0.0,16,1.0,1735709400,66,Greed,2025-01-01,0.029624439667968107,Sell
0x47add9a56df66b524d5e2c1993a43cde53b6ed85,2025-01-02,33,10774.44732,15512.529719999999,526.448209,23,2,-102.485175,33,0.92,1735795800,70,Greed,2025-01-02,0.920514289185888,Sell
0x47add9a56df66b524d5e2c1993a43cde53b6ed85,2025-01-03,27,-5715.19708,6944.968080000001,109.593094,12,6,-31.97183,27,0.6666666666666666,1735882200,74,Greed,2025-01-03,0.24188315356310358,Sell
0x47add9a56df66b524d5e2c1993a43cde53b6ed85,2025-01-04,19,11230.019100000001,12243.8809,-680.287463,6,12,-346.754591,19,0.3333333333333333,1735968600,73,Greed,2025-01-04,-1.345751074434144,Sell
0x47add9a56df66b524d5e2c1993a43cde53b6ed85,2025-01-05,7,-6630.11,6630.11,37.385304,1,0,0.0,7,1.0,1736055000,72,Greed,2025-01-05,0.08612893733682617,Sell
0x47add9a56df66b524d5e2c1993a43cde53b6ed85,2025-02-01,90,958.3272700000001,13293.83987,677.276764,43,2,-26.97532,90,0.9555555555555556,1738387800,68,Greed,2025-02-01,1.2787006919919268,Sell
0x47add9a56df66b524d5e2c1993a43cde53b6ed85,2025-02-02,108,10494.662760000001,20788.26156,-782.6517170000001,27,11,-558.45657,108,0.7105263157894737,1738474200,60,Greed,2025-02-02,-1.2928608519575207,Sell
0x47add9a56df66b524d5e2c1993a43cde53b6ed85,2025-02-03,21,-1782.93116,1815.72164,349.12092600000005,8,0,0.0,21,1.0,1738560600,44,Fear,2025-02-03,0.5476690505093271,Buy
0x47add9a56df66b524d5e2c1993a43cde53b6ed85,2025-02-04,4,5118.12,5431.92,93.006465,3,0,0.0,4,1.0,1738647000,72,Greed,2025-02-04,0.17158922517656797,Sell
0x47add9a56df66b524d5e2c1993a43cde53b6ed85,2025-03-01,102,-1119.3300000000002,17417.19,846.655814,24,22,-9.326694,102,0.5217391304347826,1740807000,20,Extreme Fear,2025-03-01,1.322851991408037,Hold
0x47add9a56df66b524d5e2c1993a43cde53b6ed85,2025-03-02,182,-5110.2245,32402.607659999998,2440.916534,73,11,-109.979562,182,0.8690476190476191,1740893400,26,Fear,2025-03-02,2.048198477475546,Buy
0x47add9a56df66b524d5e2c1993a43cde53b6ed85,2025-03-03,33,-10.61760000000003,1099.38668,376.017126,12,4,-80.19718,33,0.75,1740979800,33,Fear,2025-03-03,0.3977157209773501,Buy
0x47add9a56df66b524d5e2c1993a43cde53b6ed85,2025-03-04,14,718.2097,1019.9971,7.052034,2,0,0.0,14,1.0,1741066200,15,Extreme Fear,2025-03-04,0.007059115019208995,Hold
0x47add9a56df66b524d5e2c1993a43cde53b6ed85,2025-04-01,57,-2269.20298,7620.59584,73.451675,15,2,-81.692487,57,0.8823529411764706,1743485400,34,Fear,2025-04-01,0.07328617458816782,Buy
0x47add9a56df66b524d5e2c1993a43cde53b6ed85,2025-04-02,34,3439.5155999999997,9233.5444,874.3810560000001,16,2,-0.7774,34,0.8888888888888888,1743571800,44,Fear,2025-04-02,0.871755936706812,Buy
0x47add9a56df66b524d5e2c1993a43cde53b6ed85,2025-04-03,32,4169.69226,4413.69226,444.266681,7,0,0.0,32,1.0,1743658200,25,Fear,2025-04-03,1.2844904181520063,Buy
0x47add9a56df66b524d5e2c1993a43cde53b6ed85,2025-04-04,2,53.11,53.11,0.0,0,0,0.0,2,0.0,1743744600,28,Fear,2025-04-04,0.0,Buy
0x47add9a56df66b524d5e2c1993a43cde53b6ed85,2025-05-01,38,-2826.9573,4506.9573,8.594753,4,1,-16.868948,38,0.8,1746077400,53,Neutral,2025-05-01,0.02266894170631205,Hold
0x47add9a56df66b524d5e2c1993a43cde53b6ed85,2025-05-02,3,24.007779999999997,220.00778,32.72269,1,0,0.0,3,1.0,1746163800,67,Greed,2025-05-02,0.08497546306299142,Sell
0x4acb90e786d897ecffb614dc822eb231b4ffb9f4,2025-02-04,16,-3.5388358909926865e-16,6.91736,444.205198,10,0,0.0,16,1.0,1738647000,72,Greed,2025-02-04,1.8815914477244258,Sell
0x4acb90e786d897ecffb614dc822eb231b4ffb9f4,2025-03-03,19,1224.17,1224.17,0.0,0,0,0.0,19,0.0,1740979800,33,Fear,2025-03-03,0.0,Buy
0x4acb90e786d897ecffb614dc822eb231b4ffb9f4,2025-03-04,60,8629.61,8629.61,0.0,0,0,0.0,60,0.0,1741066200,15,Extreme Fear,2025-03-04,0.0,Hold
0x4acb90e786d897ecffb614dc822eb231b4ffb9f4,2025-04-03,155,33796.67,33796.67,0.0,0,0,0.0,155,0.0,1743658200,25,Fear,2025-04-03,0.0,Buy
0x4acb90e786d897ecffb614dc822eb231b4ffb9f4,2025-04-04,51,71175.09999999999,71175.09999999999,0.0,0,0,0.0,51,0.0,1743744600,28,Fear,2025-04-04,0.0,Buy
0x4f93fead39b70a1824f981a54d4e55b278e9f760,2024-01-04,29,33.4358,38.3674,0.840939,2,0,0.0,29,1.0,1704346200,68,Greed,2024-01-04,2.2360916405471336,Sell
0x4f93fead39b70a1824f981a54d4e55b278e9f760,2024-01-05,14,29.825,29.825,0.0,0,0,0.0,14,0.0,1704432600,72,Greed,2024-01-05,0.0,Sell
0x4f93fead39b70a1824f981a54d4e55b278e9f760,2024-01-07,13,-17.5032,27.8928,1202.488212,9,0,0.0,13,1.0,1704605400,71,Greed,2024-01-07,2.2364584675407593,Sell
0x4f93fead39b70a1824f981a54d4e55b278e9f760,2024-01-08,13,45.8131,45.8131,0.0,0,0,0.0,13,0.0,1704691800,71,Greed,2024-01-08,0.0,Sell
0x4f93fead39b70a1824f981a54d4e55b278e9f760,2024-01-10,4,2.25636,2.25636,0.0,0,0,0.0,4,0.0,1704864600,73,Greed,2024-01-10,0.0,Sell
0x4f93fead39b70a1824f981a54d4e55b278e9f760,2024-01-11,9,0.43418999999999996,3.29527,1040.5747959999999,2,0,0.0,9,1.0,1704951000,76,Extreme Greed,2024-01-11,1.6866446023056996,Hold
0x4f93fead39b70a1824f981a54d4e55b278e9f760,2024-01-12,27,-1.2411599999999998,6.21406,337.835516,16,0,0.0,27,1.0,1705037400,71,Greed,2024-01-12,0.5901790395599873,Sell
0x4f93fead39b70a1824f981a54d4e55b278e9f760,2024-02-04,37,-49.9373,65.6049,883.760812,12,0,0.0,37,1.0,1707024600,60,Greed,2024-02-04,1.8091797192412034,Sell
0x4f93fead39b70a1824f981a54d4e55b278e9f760,2024-02-08,36,97.6652692,98.4693308,0.0,0,0,0.0,36,0.0,1707370200,66,Greed,2024-02-08,0.0,Sell
0x4f93fead39b70a1824f981a54d4e55b278e9f760,2024-02-09,2,12.3657,12.3657,0.0,0,0,0.0,2,0.0,1707456600,72,Greed,2024-02-09,0.0,Sell
0x4f93fead39b70a1824f981a54d4e55b278e9f760,2024-02-10,4,1.64099,1.64099,0.0,0,0,0.0,4,0.0,1707543000,74,Greed,2024-02-10,0.0,Sell
0x4f93fead39b70a1824f981a54d4e55b278e9f760,2024-02-11,2,0.58072,0.58072,0.0,0,0,0.0,2,0.0,1707629400,71,Greed,2024-02-11,0.0,Sell
0x4f93fead39b70a1824f981a54d4e55b278e9f760,2024-02-12,17,0.20996999999999988,3.13029,754.7378,6,0,0.0,17,1.0,1707715800,70,Greed,2024-02-12,2.2360679709116846,Sell
0x4f93fead39b70a1824f981a54d4e55b278e9f760,2024-03-05,23,-90.4724,90.4724,5319.861625,16,0,0.0,23,1.0,1709616600,90,Extreme Greed,2024-03-05,2.295133907802804,Hold
0x4f93fead39b70a1824f981a54d4e55b278e9f760,2024-03-07,10,31.2222,31.2222,1118.387284,4,0,0.0,10,1.0,1709789400,82,Extreme Greed,2024-03-07,0.5030139772636375,Hold
0x4f93fead39b70a1824f981a54d4e55b278e9f760,2024-03-08,13,38.343199999999996,38.343199999999996,0.0,0,0,0.0,13,0.0,1709875800,81,Extreme Greed,2024-03-08,0.0,Hold
0x4f93fead39b70a1824f981a54d4e55b278e9f760,2024-03-10,4,1.99039,1.99039,0.0,0,0,0.0,4,0.0,1710048600,79,Extreme Greed,2024-03-10,0.0,Hold
0x4f93fead39b70a1824f981a54d4e55b278e9f760,2024-03-11,4,1.61818,1.61818,0.0,0,0,0.0,4,0.0,1710135000,82,Extreme Greed,2024-03-11,0.0,Hold
0x4f93fead39b70a1824f981a54d4e55b278e9f760,2024-03-12,9,0.009719999999999951,2.96252,1467.1002210000001,4,0,0.0,9,1.0,1710221400,81,Extreme Greed,2024-03-12,2.0412729083935277,Hold
0x4f93fead39b70a1824f981a54d4e55b278e9f760,2024-04-04,32,-28.284299999999998,28.284299999999998,0.0,0,0,0.0,32,0.0,1712208600,70,Greed,2024-04-04,0.0,Sell
0x4f93fead39b70a1824f981a54d4e55b278e9f760,2024-04-05,6,-17.2829,17.2829,0.0,0,0,0.0,6,0.0,1712295000,79,Extreme Greed,2024-04-05,0.0,Hold
0x4f93fead39b70a1824f981a54d4e55b278e9f760,2024-04-07,14,80.7058,80.7058,0.0,0,0,0.0,14,0.0,1712467800,78,Extreme Greed,2024-04-07,0.0,Hold
0x4f93fead39b70a1824f981a54d4e55b278e9f760,2024-04-08,72,-206.2531,337.5639,-108604.496278,0,60,-18360.67007,72,0.0,1712554200,76,Extreme Greed,2024-04-08,-2.228352506574489,Hold
0x4f93fead39b70a1824f981a54d4e55b278e9f760,2024-04-09,1,14.7408,14.7408,0.0,0,0,0.0,1,0.0,1712640600,80,Extreme Greed,2024-04-09,0.0,Hold
0x4f93fead39b70a1824f981a54d4e55b278e9f760,2024-04-11,26,-1.5867,6.2777,2259.351364,13,0,0.0,26,1.0,1712813400,76,Extreme Greed,2024-04-11,0.04626802259040425,Hold
0x4f93fead39b70a1824f981a54d4e55b278e9f760,2024-04-12,13,1.87005,2.72185,291.35271,3,0,0.0,13,1.0,1712899800,79,Extreme Greed,2024-04-12,0.005962559295631893,Hold
0x4f93fead39b70a1824f981a54d4e55b278e9f760,2024-05-04,10,52.7373,52.7373,4444.4983010000005,7,0,0.0,10,1.0,1714800600,67,Greed,2024-05-04,0.08999934022277473,Sell
0x4f93fead39b70a1824f981a54d4e55b278e9f760,2024-05-05,4,-7.6288,7.6288,0.0,0,0,0.0,4,0.0,1714887000,69,Greed,2024-05-05,0.0,Sell
0x4f93fead39b70a1824f981a54d4e55b278e9f760,2024-05-07,20,91.819,91.819,0.0,0,0,0.0,20,0.0,1715059800,68,Greed,2024-05-07,0.0,Sell
0x4f93fead39b70a1824f981a54d4e55b278e9f760,2024-05-08,17,-1.4024999999999999,85.3977,-4779.219012,0,2,-4308.400952,17,0.0,1715146200,64,Greed,2024-05-08,-1.4631193746390614,Sell
0x4f93fead39b70a1824f981a54d4e55b278e9f760,2024-05-10,36,-6.50156,9.72212,5767.161892,24,0,0.0,36,1.0,1715319000,66,Greed,2024-05-10,1.3790846181011749,Sell
0x4f93fead39b70a1824f981a54d4e55b278e9f760,2024-05-11,10,-1.4721899999999999,2.96249,678.4759280000001,5,0,0.0,10,1.0,1715405400,53,Neutral,2024-05-11,0.1813205573167761,Hold
0x4f93fead39b70a1824f981a54d4e55b278e9f760,2024-05-12,19,-7.64133,7.64133,1435.68724,2,0,0.0,19,1.0,1715491800,56,Greed,2024-05-12,0.381334364767386,Sell
0x4f93fead39b70a1824f981a54d4e55b278e9f760,2024-06-04,16,-20.4808,20.4808,236.33513399999998,4,0,0.0,16,1.0,1717479000,73,Greed,2024-06-04,0.06291127504098148,Sell
0x4f93fead39b70a1824f981a54d4e55b278e9f760,2024-06-05,9,49.212599999999995,66.07939999999999,968.59038,4,0,0.0,9,1.0,1717565400,75,Extreme Greed,2024-06-05,0.43033890226006233,Hold
0x4f93fead39b70a1824f981a54d4e55b278e9f760,2024-06-09,4,15.6331,15.6331,0.0,0,0,0.0,4,0.0,1717911000,75,Extreme Greed,2024-06-09,0.0,Hold
0x4f93fead39b70a1824f981a54d4e55b278e9f760,2024-06-10,22,-3.52459,4.8180499999999995,130.487079,5,0,0.0,22,1.0,1717997400,72,Greed,2024-06-10,0.210541950966977,Sell
0x4f93fead39b70a1824f981a54d4e55b278e9f760,2024-06-11,12,0.0,1.6737000000000002,2821.24842,7,0,0.0,12,1.0,1718083800,74,Greed,2024-06-11,2.402710903688855,Sell
0x4f93fead39b70a1824f981a54d4e55b278e9f760,2024-06-12,59,3.55381,14.98969,7206.315268,21,0,0.0,59,1.0,1718170200,72,Greed,2024-06-12,2.399268033654894,Sell
0x4f93fead39b70a1824f981a54d4e55b278e9f760,2024-07-04,23,-14.7128,14.7128,0.0,0,0,0.0,23,0.0,1720071000,44,Fear,2024-07-04,0.0,Buy
0x4f93fead39b70a1824f981a54d4e55b278e9f760,2024-07-05,10,-8.64,32.0196,656.21704,7,0,0.0,10,1.0,1720157400,29,Fear,2024-07-05,0.21591346409089243,Buy
0x4f93fead39b70a1824f981a54d4e55b278e9f760,2024-07-06,52,109.8909,213.0135,7329.223137999999,30,0,0.0,52,1.0,1720243800,26,Fear,2024-07-06,2.090974521979672,Buy
0x4f93fead39b70a1824f981a54d4e55b278e9f760,2024-07-10,21,-3.4539,3.4539,0.0,0,0,0.0,21,0.0,1720589400,28,Fear,2024-07-10,0.0,Buy
0x4f93fead39b70a1824f981a54d4e55b278e9f760,2024-07-11,2,0.0,0.80276,628.96246,1,0,0.0,2,1.0,1720675800,29,Fear,2024-07-11,0.19964009292775786,Buy
0x4f93fead39b70a1824f981a54d4e55b278e9f760,2024-07-12,4,1.99778,1.99778,2342.996384,4,0,59.097392,4,1.0,1720762200,25,Fear,2024-07-12,0.7807771743214695,Buy
0x4f93fead39b70a1824f981a54d4e55b278e9f760,2024-08-04,28,-46.049,46.049,0.0,0,0,0.0,28,0.0,1722749400,34,Fear,2024-08-04,0.0,Buy
0x4f93fead39b70a1824f981a54d4e55b278e9f760,2024-08-05,10,21.8835,21.8835,0.0,0,0,0.0,10,0.0,1722835800,26,Fear,2024-08-05,0.0,Buy
0x4f93fead39b70a1824f981a54d4e55b278e9f760,2024-08-06,7,12.200499999999998,12.200499999999998,0.0,0,0,0.0,7,0.0,1722922200,17,Extreme Fear,2024-08-06,0.0,Hold
0x4f93fead39b70a1824f981a54d4e55b278e9f760,2024-08-10,35,-7.196108999999999,21.150249,5396.546638,33,0,0.0,35,1.0,1723267800,40,Fear,2024-08-10,2.268726463335769,Buy
0x4f93fead39b70a1824f981a54d4e55b278e9f760,2024-08-11,24,-5.551115123125783e-17,3.16244,646.3734049999999,6,0,0.0,24,1.0,1723354200,39,Fear,2024-08-11,0.2741410249927984,Buy
0x4f93fead39b70a1824f981a54d4e55b278e9f760,2024-08-12,7,-0.6003000000000001,0.6003000000000001,0.0,0,0,0.0,7,0.0,1723440600,25,Fear,2024-08-12,0.0,Buy
0x4f93fead39b70a1824f981a54d4e55b278e9f760,2024-09-04,3,-16.2979,16.2979,0.0,0,0,0.0,3,0.0,1725427800,27,Fear,2024-09-04,0.0,Buy
0x4f93fead39b70a1824f981a54d4e55b278e9f760,2024-09-05,25,-37.7596,72.3984,1147.595856,11,0,0.0,25,1.0,1725514200,29,Fear,2024-09-05,0.5067156240037939,Buy
0x4f93fead39b70a1824f981a54d4e55b278e9f760,2024-09-06,5,5.6677,5.6677,0.0,0,0,0.0,5,0.0,1725600600,22,Extreme Fear,2024-09-06,0.0,Hold
0x4f93fead39b70a1824f981a54d4e55b278e9f760,2024-09-08,12,-34.2178,49.7774,11147.900554,9,0,0.0,12,1.0,1725773400,29,Fear,2024-09-08,2.2832171050840913,Buy
0x4f93fead39b70a1824f981a54d4e55b278e9f760,2024-09-10,14,1.6255,3.5594,396.06272,3,0,0.0,14,1.0,1725946200,33,Fear,2024-09-10,0.08190459981916523,Buy
0x4f93fead39b70a1824f981a54d4e55b278e9f760,2024-09-11,9,1.9708999999999999,1.9708999999999999,0.0,0,0,0.0,9,0.0,1726032600,37,Fear,2024-09-11,0.0,Buy
0x4f93fead39b70a1824f981a54d4e55b278e9f760,2024-09-12,17,0.80484,3.6033,2350.499742,7,0,0.0,17,1.0,1726119000,31,Fear,2024-09-12,0.4918639644912299,Buy
0x4f93fead39b70a1824f981a54d4e55b278e9f760,2024-10-04,41,95.4881,102.5007,5207.443414,36,0,0.0,41,1.0,1728019800,41,Fear,2024-10-04,1.135692976654974,Buy
0x4f93fead39b70a1824f981a54d4e55b278e9f760,2024-10-05,22,31.6109,53.3457,2101.741695,6,0,0.0,22,1.0,1728106200,49,Neutral,2024-10-05,1.0197077939548962,Hold
0x4f93fead39b70a1824f981a54d4e55b278e9f760,2024-10-06,4,6.5419,6.5419,0.0,0,0,0.0,4,0.0,1728192600,50,Neutral,2024-10-06,0.0,Hold
0x4f93fead39b70a1824f981a54d4e55b278e9f760,2024-10-07,43,-176.0333,214.2043,11595.627026,33,0,0.0,43,1.0,1728279000,50,Neutral,2024-10-07,2.574256154325028,Hold
0x4f93fead39b70a1824f981a54d4e55b278e9f760,2024-10-10,16,5.04899,5.04899,0.0,0,0,0.0,16,0.0,1728538200,39,Fear,2024-10-10,0.0,Buy
0x4f93fead39b70a1824f981a54d4e55b278e9f760,2024-10-11,8,-1.59389,2.3479099999999997,548.36595,6,0,0.0,8,1.0,1728624600,32,Fear,2024-10-11,0.11045555706679626,Buy
0x4f93fead39b70a1824f981a54d4e55b278e9f760,2024-10-12,36,1.0557699999999999,7.25317,3986.312514,12,0,0.0,36,1.0,1728711000,49,Neutral,2024-10-12,0.8028513033311996,Hold
0x4f93fead39b70a1824f981a54d4e55b278e9f760,2024-11-04,16,7.8969000000000005,21.5697,389.743164,2,0,0.0,16,1.0,1730698200,70,Greed,2024-11-04,0.07946521288122996,Sell
0x4f93fead39b70a1824f981a54d4e55b278e9f760,2024-11-05,9,-21.6418,21.6418,251.604742,9,0,0.090771,9,1.0,1730784600,70,Greed,2024-11-05,0.151391033407763,Sell
0x4f93fead39b70a1824f981a54d4e55b278e9f760,2024-11-06,21,78.5899,78.5899,0.0,0,0,0.0,21,0.0,1730871000,70,Greed,2024-11-06,0.0,Sell
0x4f93fead39b70a1824f981a54d4e55b278e9f760,2024-11-07,19,0.1189,53.826499999999996,1876.812082,9,0,0.0,19,1.0,1730957400,77,Extreme Greed,2024-11-07,1.1232817108743962,Hold
0x4f93fead39b70a1824f981a54d4e55b278e9f760,2024-11-08,8,-15.2465,15.2465,847.7766200000001,4,0,0.0,8,1.0,1731043800,75,Extreme Greed,2024-11-08,1.1456316267114515,Hold
0x4f93fead39b70a1824f981a54d4e55b278e9f760,2024-11-10,25,-7.9568200000000004,7.9568200000000004,8885.327477,18,0,0.0,25,1.0,1731216600,78,Extreme Greed,2024-11-10,2.393707279571016,Hold
0x4f93fead39b70a1824f981a54d4e55b278e9f760,2024-11-11,20,-0.37701000000000007,4.15413,1479.677222,9,0,0.0,20,1.0,1731303000,76,Extreme Greed,2024-11-11,0.41393764339594313,Hold
0x4f93fead39b70a1824f981a54d4e55b278e9f760,2024-11-12,30,-4.27869,7.1687899999999996,1083.777057,8,0,0.0,30,1.0,1731389400,80,Extreme Greed,2024-11-12,0.31828568247326006,Hold
0x4f93fead39b70a1824f981a54d4e55b278e9f760,2024-12-04,21,44.4583,44.4583,0.0,0,0,0.0,21,0.0,1733290200,78,Extreme Greed,2024-12-04,0.0,Hold
0x4f93fead39b70a1824f981a54d4e55b278e9f760,2024-12-05,10,15.3906,15.3906,0.0,0,0,0.0,10,0.0,1733376600,84,Extreme Greed,2024-12-05,0.0,Hold
0x4f93fead39b70a1824f981a54d4e55b278e9f760,2024-12-07,10,24.7182,24.7182,0.0,0,0,0.0,10,0.0,1733549400,75,Extreme Greed,2024-12-07,0.0,Hold
0x4f93fead39b70a1824f981a54d4e55b278e9f760,2024-12-08,16,17.2166,17.2166,858.6705000000001,6,0,0.0,16,1.0,1733635800,79,Extreme Greed,2024-12-08,1.5963926112935185,Hold
0x4f93fead39b70a1824f981a54d4e55b278e9f760,2024-12-10,10,0.96105,2.54599,541.55471,7,0,0.0,10,1.0,1733808600,78,Extreme Greed,2024-12-10,1.3555075682030537,Hold
0x4f93fead39b70a1824f981a54d4e55b278e9f760,2024-12-11,74,4.1413899999999995,82.89993,2053.119744,12,0,0.0,74,1.0,1733895000,74,Greed,2024-12-11,2.427739724092297,Sell
0x4f93fead39b70a1824f981a54d4e55b278e9f760,2024-12-12,31,-3.72811,3.72811,0.0,0,0,0.0,31,0.0,1733981400,83,Extreme Greed,2024-12-12,0.0,Hold
0x4f93fead39b70a1824f981a54d4e55b278e9f760,2025-01-01,1,0.53412,0.53412,0.0,0,0,0.0,1,0.0,1735709400,66,Greed,2025-01-01,0.0,Sell
0x4f93fead39b70a1824f981a54d4e55b278e9f760,2025-01-02,4,0.88321,0.88321,0.0,0,0,0.0,4,0.0,1735795800,70,Greed,2025-01-02,0.0,Sell
0x4f93fead39b70a1824f981a54d4e55b278e9f760,2025-01-04,20,-0.23952,1.69068,1402.082488,8,0,0.0,20,1.0,1735968600,73,Greed,2025-01-04,1.4397473659315159,Sell
0x4f93fead39b70a1824f981a54d4e55b278e9f760,2025-01-05,14,-0.5317099999999999,2.12295,1220.746604,7,3,-0.24338,14,0.7,1736055000,72,Greed,2025-01-05,1.6927850571210181,Sell
0x4f93fead39b70a1824f981a54d4e55b278e9f760,2025-02-01,19,-0.55915,3.89425,2399.9471460000004,8,0,0.0,19,1.0,1738387800,68,Greed,2025-02-01,2.3504767330327474,Sell
0x4f93fead39b70a1824f981a54d4e55b278e9f760,2025-02-02,30,7.68008,7.68008,0.0,0,0,0.0,30,0.0,1738474200,60,Greed,2025-02-02,0.0,Sell
0x4f93fead39b70a1824f981a54d4e55b278e9f760,2025-02-03,26,-10.725950000000001,12.00957,11005.991600000001,21,0,0.0,26,1.0,1738560600,44,Fear,2025-02-03,2.477115863597928,Buy
0x4f93fead39b70a1824f981a54d4e55b278e9f760,2025-02-04,1,0.23584,0.23584,0.0,0,0,0.0,1,0.0,1738647000,72,Greed,2025-02-04,0.0,Sell
0x4f93fead39b70a1824f981a54d4e55b278e9f760,2025-03-01,48,-1.0340099999999999,4.74637,3084.287743,29,0,0.0,48,1.0,1740807000,20,Extreme Fear,2025-03-01,0.6811266537021583,Hold
0x4f93fead39b70a1824f981a54d4e55b278e9f760,2025-03-03,12,-0.42039000000000004,3.4796500000000004,1136.272279,6,0,0.0,12,1.0,1740979800,33,Fear,2025-03-03,0.24567514955024675,Buy
0x4f93fead39b70a1824f981a54d4e55b278e9f760,2025-03-04,9,3.37159,3.37159,0.0,0,0,0.0,9,0.0,1741066200,15,Extreme Fear,2025-03-04,0.0,Hold
0x4f93fead39b70a1824f981a54d4e55b278e9f760,2025-04-01,14,1.02066,1.02066,0.0,0,0,0.0,14,0.0,1743485400,34,Fear,2025-04-01,0.0,Buy
0x4f93fead39b70a1824f981a54d4e55b278e9f760,2025-04-02,9,-8.56329,8.56329,6403.5061239999995,9,0,15.099644,9,1.0,1743571800,44,Fear,2025-04-02,2.3686377840495507,Buy
0x4f93fead39b70a1824f981a54d4e55b278e9f760,2025-04-03,59,-0.9221800000000004,18.09766,8002.939313,28,0,0.0,59,1.0,1743658200,25,Fear,2025-04-03,2.101170819446006,Buy
0x4f93fead39b70a1824f981a54d4e55b278e9f760,2025-04-04,21,-2.16407,5.05079,4591.427138999999,13,0,0.0,21,1.0,1743744600,28,Fear,2025-04-04,1.2502152423192958,Buy
0x4f93fead39b70a1824f981a54d4e55b278e9f760,2025-05-01,19,-0.08599000000000001,3.76321,890.33157,4,0,0.0,19,1.0,1746077400,53,Neutral,2025-05-01,0.25750607383799456,Hold
0x4f93fead39b70a1824f981a54d4e55b278e9f760,2025-05-02,9,1.5503099999999999,1.5503099999999999,0.0,0,0,0.0,9,0.0,1746163800,67,Greed,2025-05-02,0.0,Sell
0x513b8629fe877bb581bf244e326a047b249c4ff1,2024-09-12,42,5663.14,5663.14,0.0,0,0,0.0,42,0.0,1726119000,31,Fear,2024-09-12,0.0,Buy
0x513b8629fe877bb581bf244e326a047b249c4ff1,2024-12-12,89,16151.06,16151.06,0.0,0,0,0.0,89,0.0,1733981400,83,Extreme Greed,2024-12-12,0.0,Hold
0x513b8629fe877bb581bf244e326a047b249c4ff1,2025-01-04,13,13027.18,13027.18,0.0,0,0,0.0,13,0.0,1735968600,73,Greed,2025-01-04,0.0,Sell
0x513b8629fe877bb581bf244e326a047b249c4ff1,2025-01-05,329,-36235.84,50446.62,60544.304874,236,0,0.0,329,1.0,1736055000,72,Greed,2025-01-05,2.2360679774172105,Sell
0x513b8629fe877bb581bf244e326a047b249c4ff1,2025-03-04,49,9096.19,9096.19,0.0,0,0,0.0,49,0.0,1741066200,15,Extreme Fear,2025-03-04,0.0,Hold
0x6d6a4b953f202f8df5bed40692e7fd865318264a,2024-11-12,8,-70.0,70.0,698.009722,8,0,45.687499,8,1.0,1731389400,80,Extreme Greed,2024-11-12,0.025852318974568377,Hold
0x6d6a4b953f202f8df5bed40692e7fd865318264a,2024-12-12,4,-30.0,30.0,362.84131,4,0,7.495621,4,1.0,1733981400,83,Extreme Greed,2024-12-12,0.013458907671842414,Hold
0x6d6a4b953f202f8df5bed40692e7fd865318264a,2025-01-02,5,379.26,379.26,0.0,0,0,0.0,5,0.0,1735795800,70,Greed,2025-01-02,0.0,Sell
0x6d6a4b953f202f8df5bed40692e7fd865318264a,2025-01-04,14,-1874.70477,5605.41877,132.71954399999998,4,0,0.0,14,1.0,1735968600,73,Greed,2025-01-04,0.4476750063596732,Sell
0x6d6a4b953f202f8df5bed40692e7fd865318264a,2025-02-04,34,-1750.62302,5596.73352,234.497751,9,0,0.0,34,1.0,1738647000,72,Greed,2025-02-04,0.8806759794801935,Sell
0x6d6a4b953f202f8df5bed40692e7fd865318264a,2025-03-04,20,4129.23779,4129.26067,298.031364,5,0,0.0,20,1.0,1741066200,15,Extreme Fear,2025-03-04,2.0855332692977893,Hold
0x6d6a4b953f202f8df5bed40692e7fd865318264a,2025-04-04,60,-5695.769959999994,447640.0094,392.35488599999996,9,0,0.0,60,1.0,1743744600,28,Fear,2025-04-04,2.5918534040102195,Buy
0x72743ae2822edd658c0c50608fd7c5c501b2afbd,2025-04-01,141,-450.0,450.0,0.0,0,0,0.0,141,0.0,1743485400,34,Fear,2025-04-01,0.0,Buy
0x72c6a4624e1dffa724e6d00d64ceae698af892a0,2024-12-12,17,-1327.0,1327.0,0.0,0,0,0.0,17,0.0,1733981400,83,Extreme Greed,2024-12-12,0.0,Hold
0x72c6a4624e1dffa724e6d00d64ceae698af892a0,2025-01-03,14,-160000.0,240000.0,0.0,0,0,0.0,14,0.0,1735882200,74,Greed,2025-01-03,0.0,Sell
0x72c6a4624e1dffa724e6d00d64ceae698af892a0,2025-02-01,3,-1040.0,1040.0,0.0,0,0,0.0,3,0.0,1738387800,68,Greed,2025-02-01,0.0,Sell
0x72c6a4624e1dffa724e6d00d64ceae698af892a0,2025-02-02,37,-801000.0,801000.0,0.0,0,0,0.0,37,0.0,1738474200,60,Greed,2025-02-02,0.0,Sell
0x72c6a4624e1dffa724e6d00d64ceae698af892a0,2025-02-03,25,1848.0,1848.0,10915.212,25,0,3.721095,25,1.0,1738560600,44,Fear,2025-02-03,2.2360679770418934,Buy
0x72c6a4624e1dffa724e6d00d64ceae698af892a0,2025-03-01,6,-1500.0,1500.0,0.0,0,0,0.0,6,0.0,1740807000,20,Extreme Fear,2025-03-01,0.0,Hold
0x72c6a4624e1dffa724e6d00d64ceae698af892a0,2025-03-03,16,10950.0,10950.0,17247.427499999998,10,0,0.0,16,1.0,1740979800,33,Fear,2025-03-03,2.1476026677036018,Buy
0x72c6a4624e1dffa724e6d00d64ceae698af892a0,2025-04-01,1,-90.0,90.0,0.0,0,0,0.0,1,0.0,1743485400,34,Fear,2025-04-01,0.0,Buy
0x72c6a4624e1dffa724e6d00d64ceae698af892a0,2025-04-02,1,-4000.0,4000.0,0.0,0,0,0.0,1,0.0,1743571800,44,Fear,2025-04-02,0.0,Buy
0x72c6a4624e1dffa724e6d00d64ceae698af892a0,2025-04-03,155,149524.0,149524.0,169132.29611,77,77,-1298.8288,155,0.5,1743658200,25,Fear,2025-04-03,2.2828776105749387,Buy
0x72c6a4624e1dffa724e6d00d64ceae698af892a0,2025-05-01,8,-900.0,900.0,0.0,0,0,0.0,8,0.0,1746077400,53,Neutral,2025-05-01,0.0,Hold
0x75f7eeb85dc639d5e99c78f95393aa9a5f1170d4,2024-01-03,137,0.0,25984676.0,8244.241409,128,0,0.0,137,1.0,1704259800,70,Greed,2024-01-03,0.11021453614037474,Sell
0x75f7eeb85dc639d5e99c78f95393aa9a5f1170d4,2024-01-04,48,0.0,9563392.0,2507.122467,40,1,-39.89049,48,0.975609756097561,1704346200,68,Greed,2024-01-04,0.03364707333398794,Sell
0x75f7eeb85dc639d5e99c78f95393aa9a5f1170d4,2024-02-03,24,0.0,630982.0,1674.715167,21,0,0.0,24,1.0,1706938200,60,Greed,2024-02-03,0.022535753389448174,Sell
0x75f7eeb85dc639d5e99c78f95393aa9a5f1170d4,2024-03-03,79,1.1638690011750441e-11,48774887.74,8361.086245,54,0,0.0,79,1.0,1709443800,83,Extreme Greed,2024-03-03,2.149096084812592,Hold
0x75f7eeb85dc639d5e99c78f95393aa9a5f1170d4,2024-03-04,2,0.0,1476.0,126.7884,1,0,0.0,2,1.0,1709530200,82,Extreme Greed,2024-03-04,0.03287305726737958,Hold
0x75f7eeb85dc639d5e99c78f95393aa9a5f1170d4,2024-03-05,7,-2.6645352591003757e-15,238.0,-13.844579999999999,1,2,-13.155237,7,0.3333333333333333,1709616600,90,Extreme Greed,2024-03-05,-0.004039731530905156,Hold
0x75f7eeb85dc639d5e99c78f95393aa9a5f1170d4,2024-04-03,287,205063.0,36874369.92038,26773.771643,253,4,-0.02808,287,0.9844357976653697,1712122200,71,Greed,2024-04-03,2.3552253234116214,Sell
0x75f7eeb85dc639d5e99c78f95393aa9a5f1170d4,2024-05-03,180,-205063.0,44987293.0,19791.026041,163,0,0.0,180,1.0,1714714200,48,Neutral,2024-05-03,1.6541571864482265,Hold
0x75f7eeb85dc639d5e99c78f95393aa9a5f1170d4,2024-05-04,82,4.547473508864641e-13,201736.0,5296.433789,75,0,0.0,82,1.0,1714800600,67,Greed,2024-05-04,0.4337824861930009,Sell
0x75f7eeb85dc639d5e99c78f95393aa9a5f1170d4,2024-05-05,2,0.0,8.0,0.916,1,0,0.0,2,1.0,1714887000,69,Greed,2024-05-05,7.485832352251942e-05,Sell
0x75f7eeb85dc639d5e99c78f95393aa9a5f1170d4,2024-06-03,82,0.0,10955146.0,6814.825139,72,0,0.0,82,1.0,1717392600,73,Greed,2024-06-03,0.6129688013825431,Sell
0x75f7eeb85dc639d5e99c78f95393aa9a5f1170d4,2024-07-05,1,-6.0,6.0,0.0,0,0,0.0,1,0.0,1720157400,29,Fear,2024-07-05,0.0,Buy
0x75f7eeb85dc639d5e99c78f95393aa9a5f1170d4,2024-08-03,67,201.0,3448270.8,4271.886236,59,0,0.0,67,1.0,1722663000,37,Fear,2024-08-03,1.3671248110347165,Buy
0x75f7eeb85dc639d5e99c78f95393aa9a5f1170d4,2024-08-04,2,0.0,11446.0,1218.4267,1,0,0.0,2,1.0,1722749400,34,Fear,2024-08-04,0.4067776145294109,Buy
0x75f7eeb85dc639d5e99c78f95393aa9a5f1170d4,2024-08-05,3,6.0,218.0,1.56576,1,1,-3.17364,3,0.5,1722835800,26,Fear,2024-08-05,0.0005227597916395585,Buy
0x75f7eeb85dc639d5e99c78f95393aa9a5f1170d4,2024-09-03,117,0.0,17984276.7,9949.501624,97,10,-69.5729,117,0.9065420560747663,1725341400,26,Fear,2024-09-03,2.3609302769709886,Buy
0x75f7eeb85dc639d5e99c78f95393aa9a5f1170d4,2024-09-12,7,8.673617379884035e-18,2.1799999999999997,0.01574,3,0,0.0,7,1.0,1726119000,31,Fear,2024-09-12,3.7349677794785795e-06,Buy
0x75f7eeb85dc639d5e99c78f95393aa9a5f1170d4,2024-10-03,42,0.0,32040.08,2482.9272,29,9,-504.6976,42,0.7631578947368421,1727933400,37,Fear,2024-10-03,0.5962468195391165,Buy
0x75f7eeb85dc639d5e99c78f95393aa9a5f1170d4,2024-10-12,153,1.7763568394002505e-15,274064.906,3634.56814,147,0,0.0,153,1.0,1728711000,49,Neutral,2024-10-12,0.8898761211597189,Hold
0x75f7eeb85dc639d5e99c78f95393aa9a5f1170d4,2024-11-03,42,0.0,139371.0,3588.179495,39,0,0.0,42,1.0,1730611800,74,Greed,2024-11-03,0.9767839848305766,Sell
0x75f7eeb85dc639d5e99c78f95393aa9a5f1170d4,2024-11-12,23,-7.275957614183426e-12,93990.0,1567.4026840000001,8,3,-1149.124536,23,0.7272727272727273,1731389400,80,Extreme Greed,2024-11-12,1.0284813337509116,Hold
0x75f7eeb85dc639d5e99c78f95393aa9a5f1170d4,2024-12-03,8,2.2737367544323206e-13,11404.0,3039.166,7,0,0.0,8,1.0,1733203800,76,Extreme Greed,2024-12-03,3.5238848554699427,Hold
0x75f7eeb85dc639d5e99c78f95393aa9a5f1170d4,2024-12-04,93,4.6560089117519965e-11,17075094.6,2237.798674,71,15,-187.028816,93,0.8255813953488372,1733290200,78,Extreme Greed,2024-12-04,2.4982695551294247,Hold
0x75f7eeb85dc639d5e99c78f95393aa9a5f1170d4,2024-12-12,52,-151661.0,635359.0,323.34897900000016,4,25,-109.721232,52,0.13793103448275862,1733981400,83,Extreme Greed,2024-12-12,0.25282573043112655,Hold
0x75f7eeb85dc639d5e99c78f95393aa9a5f1170d4,2025-01-02,148,-412.0999999999767,6229817.5,9609.447365,114,1,-1.431,148,0.991304347826087,1735795800,70,Greed,2025-01-02,2.6436015525757552,Sell
0x75f7eeb85dc639d5e99c78f95393aa9a5f1170d4,2025-02-01,53,0.0,190769.0,3429.9583199999997,50,0,0.0,53,1.0,1738387800,68,Greed,2025-02-01,0.9803173251794172,Sell
0x75f7eeb85dc639d5e99c78f95393aa9a5f1170d4,2025-02-03,12,0.0,162730.0,948.6016900000001,11,0,0.0,12,1.0,1738560600,44,Fear,2025-02-03,0.2550241156444924,Buy
0x75f7eeb85dc639d5e99c78f95393aa9a5f1170d4,2025-02-04,11,0.0,2599564.0,90.98474,9,0,0.0,11,1.0,1738647000,72,Greed,2025-02-04,0.02281163334027557,Sell
0x75f7eeb85dc639d5e99c78f95393aa9a5f1170d4,2025-03-02,351,0.0,12174639.766,14982.681725,263,67,-437.42811,351,0.796969696969697,1740893400,26,Fear,2025-03-02,2.364696770829473,Buy
0x75f7eeb85dc639d5e99c78f95393aa9a5f1170d4,2025-03-03,101,-1.1368683772161603e-13,713359.2,-370.250064,61,7,-180.096334,101,0.8970588235294118,1740979800,33,Fear,2025-03-03,-0.05774133174871575,Buy
0x75f7eeb85dc639d5e99c78f95393aa9a5f1170d4,2025-04-02,76,1.1368683772161603e-13,397848.0,1985.815595,74,0,0.0,76,1.0,1743571800,44,Fear,2025-04-02,0.30710354228658615,Buy
0x75f7eeb85dc639d5e99c78f95393aa9a5f1170d4,2025-05-02,20,0.0,64008.6,14.590934,15,0,0.0,20,1.0,1746163800,67,Greed,2025-05-02,0.002220156726565394,Sell
0x7f4f299f74eec87806a830e3caa9afa5f2b9db8f,2025-01-01,3,939.39,939.39,0.0,0,0,0.0,3,0.0,1735709400,66,Greed,2025-01-01,0.0,Sell
0x7f4f299f74eec87806a830e3caa9afa5f2b9db8f,2025-02-01,9,-245.96000000000004,2384.7,1008.518954,5,0,0.0,9,1.0,1738387800,68,Greed,2025-02-01,1.0478507147572347,Sell
0x7f4f299f74eec87806a830e3caa9afa5f2b9db8f,2025-03-01,26,-66.89000000000001,2205.63,937.789615,17,0,0.0,26,1.0,1740807000,20,Extreme Fear,2025-03-01,1.1362089165358487,Hold
0x7f4f299f74eec87806a830e3caa9afa5f2b9db8f,2025-05-01,7,-502.27,502.27,1093.05677,7,0,1.487783,7,1.0,1746077400,53,Neutral,2025-05-01,1.9741912102284702,Hold
0x8170715b3b381dffb7062c0298972d4727a0a63b,2025-01-02,18,-7252.0,7252.0,0.0,0,0,0.0,18,0.0,1735795800,70,Greed,2025-01-02,0.0,Sell
0x8170715b3b381dffb7062c0298972d4727a0a63b,2025-01-04,13,-33256.68759,33256.68759,4004.50286,12,0,0.0,13,1.0,1735968600,73,Greed,2025-01-04,2.6398941743538327,Sell
0x8170715b3b381dffb7062c0298972d4727a0a63b,2025-02-01,3,944.5,944.5,739.18423,3,0,0.312688,3,1.0,1738387800,68,Greed,2025-02-01,0.4802075234348945,Sell
0x8170715b3b381dffb7062c0298972d4727a0a63b,2025-02-02,30,-24003.1,24003.1,0.0,0,0,0.0,30,0.0,1738474200,60,Greed,2025-02-02,0.0,Sell
0x8170715b3b381dffb7062c0298972d4727a0a63b,2025-02-03,2,-5813.9,5813.9,0.0,0,0,0.0,2,0.0,1738560600,44,Fear,2025-02-03,0.0,Buy
0x8170715b3b381dffb7062c0298972d4727a0a63b,2025-02-04,7,25539.2,25539.2,8045.056928,7,0,33.79155,7,1.0,1738647000,72,Greed,2025-02-04,2.3081466626105587,Sell
0x8170715b3b381dffb7062c0298972d4727a0a63b,2025-03-02,119,8031.200000000001,32378.2,13770.715332,96,0,0.0,119,1.0,1740893400,26,Fear,2025-03-02,2.225453191484932,Buy
0x8170715b3b381dffb7062c0298972d4727a0a63b,2025-03-03,8,-5555.5,5555.5,0.0,0,0,0.0,8,0.0,1740979800,33,Fear,2025-03-03,0.0,Buy
0x8170715b3b381dffb7062c0298972d4727a0a63b,2025-03-04,85,-151527.59419,151875.60581,0.0,0,0,0.0,85,0.0,1741066200,15,Extreme Fear,2025-03-04,0.0,Hold
0x8170715b3b381dffb7062c0298972d4727a0a63b,2025-04-02,45,-20138.0,20138.0,0.0,0,0,0.0,45,0.0,1743571800,44,Fear,2025-04-02,0.0,Buy
0x8170715b3b381dffb7062c0298972d4727a0a63b,2025-04-03,16,6735.200000000001,19080.8,6939.47356,13,0,0.0,16,1.0,1743658200,25,Fear,2025-04-03,1.1257071592050596,Buy
0x8170715b3b381dffb7062c0298972d4727a0a63b,2025-04-04,68,-56099.920000000006,93478.08,4805.345609999999,7,0,0.0,68,1.0,1743744600,28,Fear,2025-04-04,1.454505351348368,Buy
0x8170715b3b381dffb7062c0298972d4727a0a63b,2025-05-02,25,-9045.4,9045.4,0.0,0,0,0.0,25,0.0,1746163800,67,Greed,2025-05-02,0.0,Sell
0x8381e6d82f1affd39a336e143e081ef7620a3b7f,2024-01-12,3,96345.0,96345.0,0.0,0,0,0.0,3,0.0,1705037400,71,Greed,2024-01-12,0.0,Sell
0x8381e6d82f1affd39a336e143e081ef7620a3b7f,2024-02-12,6,496.7,496.7,0.0,0,0,0.0,6,0.0,1707715800,70,Greed,2024-02-12,0.0,Sell
0x8381e6d82f1affd39a336e143e081ef7620a3b7f,2024-04-12,10,-96528.79,96952.21,33.26141600000001,2,3,-75.381453,10,0.4,1712899800,79,Extreme Greed,2024-04-12,0.015503990415496072,Hold
0x8381e6d82f1affd39a336e143e081ef7620a3b7f,2024-05-12,2,43.42,43.42,0.0,0,0,0.0,2,0.0,1715491800,56,Greed,2024-05-12,0.0,Sell
0x8381e6d82f1affd39a336e143e081ef7620a3b7f,2024-06-12,1,23.22,23.22,0.0,0,0,0.0,1,0.0,1718170200,72,Greed,2024-06-12,0.0,Sell
0x8381e6d82f1affd39a336e143e081ef7620a3b7f,2024-07-12,3,216.82999999999998,216.82999999999998,0.0,0,0,0.0,3,0.0,1720762200,25,Fear,2024-07-12,0.0,Buy
0x8381e6d82f1affd39a336e143e081ef7620a3b7f,2024-08-12,5,158.36,1058.3600000000001,-21.54374,0,2,-18.85823,5,0.0,1723440600,25,Fear,2024-08-12,-1.0969049424191433,Buy
0x8381e6d82f1affd39a336e143e081ef7620a3b7f,2024-09-12,4,133.82,133.82,0.0,0,0,0.0,4,0.0,1726119000,31,Fear,2024-09-12,0.0,Buy
0x8381e6d82f1affd39a336e143e081ef7620a3b7f,2024-10-12,1,47.88,47.88,0.0,0,0,0.0,1,0.0,1728711000,49,Neutral,2024-10-12,0.0,Hold
0x8381e6d82f1affd39a336e143e081ef7620a3b7f,2025-01-01,5,42.24,42.24,0.0,0,0,0.0,5,0.0,1735709400,66,Greed,2025-01-01,0.0,Sell
0x8381e6d82f1affd39a336e143e081ef7620a3b7f,2025-02-02,19,1525.71,1525.71,0.0,0,0,0.0,19,0.0,1738474200,60,Greed,2025-02-02,0.0,Sell
0x8381e6d82f1affd39a336e143e081ef7620a3b7f,2025-03-02,8,872.23,872.23,0.0,0,0,0.0,8,0.0,1740893400,26,Fear,2025-03-02,0.0,Buy
0x8381e6d82f1affd39a336e143e081ef7620a3b7f,2025-04-01,2,61.599999999999994,61.599999999999994,0.0,0,0,0.0,2,0.0,1743485400,34,Fear,2025-04-01,0.0,Buy
0x8381e6d82f1affd39a336e143e081ef7620a3b7f,2025-04-02,104,-2397.1,2457.40324,9167.620989,49,0,0.0,104,1.0,1743571800,44,Fear,2025-04-02,2.236067976954727,Buy
0x8381e6d82f1affd39a336e143e081ef7620a3b7f,2025-05-01,1,18.51,18.51,0.0,0,0,0.0,1,0.0,1746077400,53,Neutral,2025-05-01,0.0,Hold
0x8381e6d82f1affd39a336e143e081ef7620a3b7f,2025-05-02,327,4.4600000000001,29720.44,1843.301845,126,29,-11.802841,327,0.8129032258064516,1746163800,67,Greed,2025-05-02,0.46375142736292513,Sell
0x8477e447846c758f5a675856001ea72298fd9cb5,2024-01-06,25,0.0,499938.0,91.510419,9,0,0.0,25,1.0,1704519000,70,Greed,2024-01-06,0.023095402693053522,Sell
0x8477e447846c758f5a675856001ea72298fd9cb5,2024-01-08,34,0.3872099999999606,8696.75809,167.080017,4,3,-8.714336,34,0.5714285714285714,1704691800,71,Greed,2024-01-08,0.042411375599380435,Sell
0x8477e447846c758f5a675856001ea72298fd9cb5,2024-01-09,12,2309.67886,5846.961139999999,137.433093,5,0,0.0,12,1.0,1704778200,76,Extreme Greed,2024-01-09,0.17560471124459318,Hold
0x8477e447846c758f5a675856001ea72298fd9cb5,2024-01-12,123,14155.0,85717.6,1169.432253,55,0,0.0,123,1.0,1705037400,71,Greed,2024-01-12,1.48023898885781,Sell
0x8477e447846c758f5a675856001ea72298fd9cb5,2024-02-06,93,-5630.5,31288.5,192.906947,34,0,0.0,93,1.0,1707197400,64,Greed,2024-02-06,0.42055844536179166,Sell
0x8477e447846c758f5a675856001ea72298fd9cb5,2024-02-08,15,-31.13721,31.13721,228.247701,12,0,0.0,15,1.0,1707370200,66,Greed,2024-02-08,0.5150977652551938,Sell
0x8477e447846c758f5a675856001ea72298fd9cb5,2024-02-12,8,-3475.4,4916.6,254.15562,1,0,0.0,8,1.0,1707715800,70,Greed,2024-02-12,0.5851707272062816,Sell
0x8477e447846c758f5a675856001ea72298fd9cb5,2024-03-06,70,5630.5,19199.3,562.808208,44,0,0.0,70,1.0,1709703000,75,Extreme Greed,2024-03-06,1.3660454193658151,Hold
0x8477e447846c758f5a675856001ea72298fd9cb5,2024-03-08,1,30.75,30.75,464.1897,1,0,464.1897,1,1.0,1709875800,81,Extreme Greed,2024-03-08,2.843995926568629,Hold
0x8477e447846c758f5a675856001ea72298fd9cb5,2024-03-12,6,4196.0,5668.2,-158.695661,0,4,-112.995805,6,0.0,1710221400,81,Extreme Greed,2024-03-12,-0.5707697381850113,Hold
0x8477e447846c758f5a675856001ea72298fd9cb5,2024-04-06,53,-9.228728892196614e-16,2483.33818,52.211438,25,0,0.0,53,1.0,1712381400,75,Extreme Greed,2024-04-06,0.176820127523798,Hold
0x8477e447846c758f5a675856001ea72298fd9cb5,2024-04-08,17,0.0,2.2104999999999997,109.005815,3,0,0.0,17,1.0,1712554200,76,Extreme Greed,2024-04-08,0.36333470501508347,Hold
0x8477e447846c758f5a675856001ea72298fd9cb5,2024-05-06,54,9.095502129241595e-14,2452.07392,56.055506,16,1,-0.00696,54,0.9411764705882353,1714973400,71,Greed,2024-05-06,0.24837025464209855,Sell
0x8477e447846c758f5a675856001ea72298fd9cb5,2024-05-08,17,0.0,0.79322,160.44369899999998,7,0,0.0,17,1.0,1715146200,64,Greed,2024-05-08,1.3201443269525188,Sell
0x8477e447846c758f5a675856001ea72298fd9cb5,2024-06-06,234,2.7000623958883807e-13,71093.724,274.173187,100,2,-0.335041,234,0.9803921568627451,1717651800,78,Extreme Greed,2024-06-06,2.9882916804856228,Hold
0x8477e447846c758f5a675856001ea72298fd9cb5,2024-07-06,374,2246.94,272065.1423,1573.244278,146,2,-0.2232,374,0.9864864864864865,1720243800,26,Fear,2024-07-06,2.451978772010127,Buy
0x8477e447846c758f5a675856001ea72298fd9cb5,2024-08-06,22,-2246.94,2413.062,129.13883900000002,8,0,0.0,22,1.0,1722922200,17,Extreme Fear,2024-08-06,0.20205517790062738,Hold
0x8477e447846c758f5a675856001ea72298fd9cb5,2024-09-08,69,-4.547473508864641e-13,23637.744599999998,151.092375,17,1,-0.26061,69,0.9444444444444444,1725773400,29,Fear,2024-09-08,0.2412893549180941,Buy
0x8477e447846c758f5a675856001ea72298fd9cb5,2024-09-11,77,-6354.126300000001,77020.9263,102.90894,19,25,-0.025116,77,0.4318181818181818,1726032600,37,Fear,2024-09-11,0.1624451506292726,Buy
0x8477e447846c758f5a675856001ea72298fd9cb5,2024-10-06,49,-5.684341886080802e-14,5352.0,31.266804999999998,18,0,0.0,49,1.0,1728192600,50,Neutral,2024-10-06,0.04746092280849893,Hold
0x8477e447846c758f5a675856001ea72298fd9cb5,2024-10-11,164,-802619.109,835894.28778,442.748384,45,0,0.0,164,1.0,1728624600,32,Fear,2024-10-11,2.7979954870464594,Buy
0x8477e447846c758f5a675856001ea72298fd9cb5,2024-11-06,27,0.0,6127.42626,51.081143,9,0,0.0,27,1.0,1730871000,70,Greed,2024-11-06,0.3057688377314711,Sell
0x8477e447846c758f5a675856001ea72298fd9cb5,2024-11-11,172,800295.55191,3045660.94939,4876.874304,79,4,-3.52203,172,0.9518072289156626,1731303000,76,Extreme Greed,2024-11-11,2.3032477021937154,Hold
0x8477e447846c758f5a675856001ea72298fd9cb5,2024-12-06,217,3.979039320256561e-13,36451.51234,-21886.531493,21,57,-2806.5,217,0.2692307692307692,1733463000,72,Greed,2024-12-06,-2.066571221945944,Sell
0x8477e447846c758f5a675856001ea72298fd9cb5,2024-12-11,91,8677.683390000002,142660.65511,1441.27965,22,8,-3.50649,91,0.7333333333333333,1733895000,74,Greed,2024-12-11,0.13445385846711844,Sell
0x8477e447846c758f5a675856001ea72298fd9cb5,2025-01-02,60,-17699.01,172463.51,1579.909758,29,5,-54.973416,60,0.8529411764705882,1735795800,70,Greed,2025-01-02,0.14598006851752623,Sell
0x8477e447846c758f5a675856001ea72298fd9cb5,2025-01-05,19,2398.0,5175.6,-200.94846,0,14,-34.60803,19,0.0,1736055000,72,Greed,2025-01-05,-0.018594584698356557,Sell
0x8477e447846c758f5a675856001ea72298fd9cb5,2025-02-01,77,-126653.61916,128925.99915999999,45.086985,10,0,0.0,77,1.0,1738387800,68,Greed,2025-02-01,0.004446467475045583,Sell
0x8477e447846c758f5a675856001ea72298fd9cb5,2025-02-02,60,103157.92878,108696.82878,1023.934713,15,1,-1.294722,60,0.9375,1738474200,60,Greed,2025-02-02,1.2606189801489966,Sell
0x8477e447846c758f5a675856001ea72298fd9cb5,2025-03-01,177,-140836.84317,198771.20317,909.1721379999999,32,0,0.0,177,1.0,1740807000,20,Extreme Fear,2025-03-01,1.2373794982330373,Hold
0x8477e447846c758f5a675856001ea72298fd9cb5,2025-03-02,138,-9429.468780000001,101285.09244,1474.607584,67,0,0.0,138,1.0,1740893400,26,Fear,2025-03-02,2.097501656272191,Buy
0x8477e447846c758f5a675856001ea72298fd9cb5,2025-03-03,68,46752.58217,178482.18817,468.35197800000003,23,8,-36.251709,68,0.7419354838709677,1740979800,33,Fear,2025-03-03,0.8565896482621765,Buy
0x8477e447846c758f5a675856001ea72298fd9cb5,2025-03-04,6,34.97,34.97,0.0,0,0,0.0,6,0.0,1741066200,15,Extreme Fear,2025-03-04,0.0,Hold
0x8477e447846c758f5a675856001ea72298fd9cb5,2025-04-01,51,-60458.9969,61093.196899999995,30.818079,2,0,0.0,51,1.0,1743485400,34,Fear,2025-04-01,0.049362900445010675,Buy
0x8477e447846c758f5a675856001ea72298fd9cb5,2025-04-02,6,-134429.0,134429.0,0.0,0,0,0.0,6,0.0,1743571800,44,Fear,2025-04-02,0.0,Buy
0x8477e447846c758f5a675856001ea72298fd9cb5,2025-04-03,8,6.4321399999999995,6.4321399999999995,54.2704,1,0,0.0,8,1.0,1743658200,25,Fear,2025-04-03,0.26968065925227686,Buy
0x8477e447846c758f5a675856001ea72298fd9cb5,2025-04-04,54,-34.969999999999864,9732.59094,586.623362,17,0,0.0,54,1.0,1743744600,28,Fear,2025-04-04,2.310800832150108,Buy
0x8477e447846c758f5a675856001ea72298fd9cb5,2025-05-01,51,-139808.9,197666.3,151.429584,9,0,0.0,51,1.0,1746077400,53,Neutral,2025-05-01,0.6241659671731521,Hold
0x8477e447846c758f5a675856001ea72298fd9cb5,2025-05-02,20,134429.0,701653.8,554.257954,12,0,0.0,20,1.0,1746163800,67,Greed,2025-05-02,1.9765049629952511,Sell
0x92f17e8d81a944691c10e753af1b1baae1a2cd0d,2025-02-02,169,0.0,600000.0,12245.905048999999,75,0,0.0,169,1.0,1738474200,60,Greed,2025-02-02,2.2970110074899264,Sell
0xa0feb3725a9335f49874d7cd8eaad6be45b27416,2025-01-02,18,-904.91,904.91,923.487443,18,0,0.309666,18,1.0,1735795800,70,Greed,2025-01-02,0.17637404641256121,Sell
0xa0feb3725a9335f49874d7cd8eaad6be45b27416,2025-01-05,288,367.0258,6055.83818,1449.529436,101,0,0.0,288,1.0,1736055000,72,Greed,2025-01-05,0.2812135569442609,Sell
0xa0feb3725a9335f49874d7cd8eaad6be45b27416,2025-02-02,29,1505.31,1505.31,0.0,0,0,0.0,29,0.0,1738474200,60,Greed,2025-02-02,0.0,Sell
0xa0feb3725a9335f49874d7cd8eaad6be45b27416,2025-02-03,32,-44072.0,46196.0,625.512206,16,0,0.0,32,1.0,1738560600,44,Fear,2025-02-03,0.1210379263742701,Buy
0xa0feb3725a9335f49874d7cd8eaad6be45b27416,2025-03-02,15,-2716.74046,2898.65954,2161.6751200000003,6,0,0.0,15,1.0,1740893400,26,Fear,2025-03-02,2.634755410561895,Buy
0xa0feb3725a9335f49874d7cd8eaad6be45b27416,2025-03-03,176,162.9099999999997,127840.91,60.171373,15,1,-3.8e-05,176,0.9375,1740979800,33,Fear,2025-03-03,0.06454562655322273,Buy
0xa0feb3725a9335f49874d7cd8eaad6be45b27416,2025-04-02,731,107263.84337999999,377145.75098,4624.583773,138,11,-24.12705,731,0.9261744966442953,1743571800,44,Fear,2025-04-02,2.365483839191816,Buy
0xa0feb3725a9335f49874d7cd8eaad6be45b27416,2025-04-03,40,826.77,826.77,0.0,0,0,0.0,40,0.0,1743658200,25,Fear,2025-04-03,0.0,Buy
0xa0feb3725a9335f49874d7cd8eaad6be45b27416,2025-05-02,368,-36865.73102000001,340467.99578,-6194.283149,45,60,-7104.920076,368,0.42857142857142855,1746163800,67,Greed,2025-05-02,-1.5443858678387459,Sell
0xa520ded057a32086c40e7dd6ed4eb8efb82c00e0,2024-01-12,61,-6490.219999999999,8635.5,34709.852428,49,0,0.0,61,1.0,1705037400,71,Greed,2024-01-12,2.1484024974267872,Sell
0xa520ded057a32086c40e7dd6ed4eb8efb82c00e0,2024-03-08,16,50.031,50.031,0.0,0,0,0.0,16,0.0,1709875800,81,Extreme Greed,2024-03-08,0.0,Hold
0xa520ded057a32086c40e7dd6ed4eb8efb82c00e0,2024-03-12,34,10864.58,10864.58,0.0,0,0,0.0,34,0.0,1710221400,81,Extreme Greed,2024-03-12,0.0,Hold
0xa520ded057a32086c40e7dd6ed4eb8efb82c00e0,2024-04-08,10,4141.969,4242.031,-14176.51042,0,2,-10309.40032,10,0.0,1712554200,76,Extreme Greed,2024-04-08,-0.7569571890549278,Hold
0xa520ded057a32086c40e7dd6ed4eb8efb82c00e0,2024-05-08,2,156532.0,156532.0,0.0,0,0,0.0,2,0.0,1715146200,64,Greed,2024-05-08,0.0,Sell
0xa520ded057a32086c40e7dd6ed4eb8efb82c00e0,2024-07-08,1,2136.66,2136.66,0.0,0,0,0.0,1,0.0,1720416600,28,Fear,2024-07-08,0.0,Buy
0xa520ded057a32086c40e7dd6ed4eb8efb82c00e0,2024-07-11,95,-47005.29,51380.71,3360.9281,48,0,0.0,95,1.0,1720675800,29,Fear,2024-07-11,0.48910625733981444,Buy
0xa520ded057a32086c40e7dd6ed4eb8efb82c00e0,2024-08-08,4,-2136.4463382,2136.4463382,-40.712216999999995,0,3,-29.513287,4,0.0,1723095000,20,Extreme Fear,2024-08-08,-0.005927476143563495,Hold
0xa520ded057a32086c40e7dd6ed4eb8efb82c00e0,2024-08-09,1,-0.93414,0.93414,0.0,0,0,0.0,1,0.0,1723181400,48,Neutral,2024-08-09,0.0,Hold
0xa520ded057a32086c40e7dd6ed4eb8efb82c00e0,2024-09-08,2,813.96,813.96,0.0,0,0,0.0,2,0.0,1725773400,29,Fear,2024-09-08,0.0,Buy
0xa520ded057a32086c40e7dd6ed4eb8efb82c00e0,2024-10-09,2,-0.7621,0.7621,-219.729659,0,2,-182.031768,2,0.0,1728451800,49,Neutral,2024-10-09,-0.14315947173952465,Hold
0xa520ded057a32086c40e7dd6ed4eb8efb82c00e0,2024-10-12,8,8163.28,8163.28,0.0,0,0,0.0,8,0.0,1728711000,49,Neutral,2024-10-12,0.0,Hold
0xa520ded057a32086c40e7dd6ed4eb8efb82c00e0,2024-11-12,15,-10972.0,10972.0,994.238977,15,0,2.514094,15,1.0,1731389400,80,Extreme Greed,2024-11-12,2.076724559397508,Hold
0xa520ded057a32086c40e7dd6ed4eb8efb82c00e0,2024-12-12,4,-78108.8,78108.8,2512.437585,4,0,75.059288,4,1.0,1733981400,83,Extreme Greed,2024-12-12,2.206030150447037,Hold
0xa520ded057a32086c40e7dd6ed4eb8efb82c00e0,2025-03-02,1,-44.01,44.01,20.596691,1,0,20.596691,1,1.0,1740893400,26,Fear,2025-03-02,0.018131581606781896,Buy
0xa520ded057a32086c40e7dd6ed4eb8efb82c00e0,2025-04-01,5,-3769.0,3769.0,556.803152,5,0,34.770377,5,1.0,1743485400,34,Fear,2025-04-01,0.5385732020295082,Buy
0xae5eacaf9c6b9111fd53034a602c192a04e082ed,2024-02-12,44,10004.0,10004.0,0.0,0,0,0.0,44,0.0,1707715800,70,Greed,2024-02-12,0.0,Sell
0xae5eacaf9c6b9111fd53034a602c192a04e082ed,2024-03-12,145,-10000.49,12000.49,20925.513222,105,0,0.0,145,1.0,1710221400,81,Extreme Greed,2024-03-12,2.306787257063715,Hold
0xae5eacaf9c6b9111fd53034a602c192a04e082ed,2024-04-12,1,-0.00860239,0.00860239,0.0,0,0,0.0,1,0.0,1712899800,79,Extreme Greed,2024-04-12,0.0,Hold
0xae5eacaf9c6b9111fd53034a602c192a04e082ed,2025-04-03,21,250000.0,250000.0,0.0,0,0,0.0,21,0.0,1743658200,25,Fear,2025-04-03,0.0,Buy
0xaf40fdc468c30116bd3307bcbf4a451a7ebf1deb,2024-09-12,4,0.26851,0.26851,0.0,0,0,0.0,4,0.0,1726119000,31,Fear,2024-09-12,0.0,Buy
0xaf40fdc468c30116bd3307bcbf4a451a7ebf1deb,2024-11-12,1,-0.07231,0.07231,39.7705,1,0,39.7705,1,1.0,1731389400,80,Extreme Greed,2024-11-12,0.00425182714274579,Hold
0xaf40fdc468c30116bd3307bcbf4a451a7ebf1deb,2024-12-12,1,-0.1962,0.1962,15.24474,1,0,15.24474,1,1.0,1733981400,83,Extreme Greed,2024-12-12,0.8769605488093941,Hold
0xaf40fdc468c30116bd3307bcbf4a451a7ebf1deb,2025-03-04,8,-1.5959455978986625e-16,4.0,2020.0,1,0,0.0,8,1.0,1741066200,15,Extreme Fear,2025-03-04,2.2510277486222883,Hold
0xb1231a4a2dd02f2276fa3c5e2a2f3436e6bfed23,2023-05-12,9,10.614790000000001,11.80901,0.0,0,0,0.0,9,0.0,1683869400,49,Neutral,2023-05-12,0.0,Hold
0xb1231a4a2dd02f2276fa3c5e2a2f3436e6bfed23,2024-01-01,18,1.1368683772161603e-13,4178.78664,-129.53146,1,5,-166.183134,18,0.16666666666666666,1704087000,65,Greed,2024-01-01,-0.14171026626120448,Sell
0xb1231a4a2dd02f2276fa3c5e2a2f3436e6bfed23,2024-01-02,6,44986.0,44986.0,0.0,0,0,0.0,6,0.0,1704173400,71,Greed,2024-01-02,0.0,Sell
0xb1231a4a2dd02f2276fa3c5e2a2f3436e6bfed23,2024-01-07,51,480178.3932,1227209.6068,3863.351096,17,0,0.0,51,1.0,1704605400,71,Greed,2024-01-07,2.1941145920272107,Sell
0xb1231a4a2dd02f2276fa3c5e2a2f3436e6bfed23,2024-01-08,9,284068.2246,284068.2246,0.0,0,0,0.0,9,0.0,1704691800,71,Greed,2024-01-08,0.0,Sell
0xb1231a4a2dd02f2276fa3c5e2a2f3436e6bfed23,2024-02-01,17,0.0,208218.35486,783.979116,8,1,-252.794221,17,0.8888888888888888,1706765400,63,Greed,2024-02-01,0.4628734419230363,Sell
0xb1231a4a2dd02f2276fa3c5e2a2f3436e6bfed23,2024-02-02,42,-42017.0,42139.736820000006,456.423473,13,8,-75.50372,42,0.6190476190476191,1706851800,63,Greed,2024-02-02,0.2811920677200629,Sell
0xb1231a4a2dd02f2276fa3c5e2a2f3436e6bfed23,2024-02-03,7,20751.0,20751.0,-1443.814567,0,7,-343.651308,7,0.0,1706938200,60,Greed,2024-02-03,-0.7417846065720067,Sell
0xb1231a4a2dd02f2276fa3c5e2a2f3436e6bfed23,2024-02-04,4,5892.5,5892.5,0.0,0,0,0.0,4,0.0,1707024600,60,Greed,2024-02-04,0.0,Sell
0xb1231a4a2dd02f2276fa3c5e2a2f3436e6bfed23,2024-02-07,18,11166.300000000001,11420.300000000001,2421.253116,13,0,0.0,18,1.0,1707283800,62,Greed,2024-02-07,1.7354257844296557,Sell
0xb1231a4a2dd02f2276fa3c5e2a2f3436e6bfed23,2024-02-08,12,68181.3183,68203.7675,554.12049,5,0,0.0,12,1.0,1707370200,66,Greed,2024-02-08,0.4001098322997878,Sell
0xb1231a4a2dd02f2276fa3c5e2a2f3436e6bfed23,2024-03-01,67,8.490985692333197e-13,64502.1274,866.015507,28,7,-15.013542,67,0.8,1709271000,80,Extreme Greed,2024-03-01,0.6180141459610669,Hold
0xb1231a4a2dd02f2276fa3c5e2a2f3436e6bfed23,2024-03-02,56,9564.990109999999,9661.26755,223.30918699999998,6,6,-181.331015,56,0.5,1709357400,80,Extreme Greed,2024-03-02,0.23329149749279365,Hold
0xb1231a4a2dd02f2276fa3c5e2a2f3436e6bfed23,2024-03-04,2,834.0,834.0,0.0,0,0,0.0,2,0.0,1709530200,82,Extreme Greed,2024-03-04,0.0,Hold
0xb1231a4a2dd02f2276fa3c5e2a2f3436e6bfed23,2024-03-05,6,-42199.0,42199.0,0.0,0,0,0.0,6,0.0,1709616600,90,Extreme Greed,2024-03-05,0.0,Hold
0xb1231a4a2dd02f2276fa3c5e2a2f3436e6bfed23,2024-03-07,8,225.359,225.359,0.0,0,0,0.0,8,0.0,1709789400,82,Extreme Greed,2024-03-07,0.0,Hold
0xb1231a4a2dd02f2276fa3c5e2a2f3436e6bfed23,2024-03-08,6,69775.4329,69775.4329,0.0,0,0,0.0,6,0.0,1709875800,81,Extreme Greed,2024-03-08,0.0,Hold
0xb1231a4a2dd02f2276fa3c5e2a2f3436e6bfed23,2024-04-01,5,0.0,45.0958,-67.60364,0,3,-66.3633,5,0.0,1711949400,79,Extreme Greed,2024-04-01,-2.2360679097521556,Hold
0xb1231a4a2dd02f2276fa3c5e2a2f3436e6bfed23,2024-04-02,35,20818.40989,20905.14109,47.62389499999999,9,19,-89.857229,35,0.32142857142857145,1712035800,79,Extreme Greed,2024-04-02,1.1585942320769735,Hold
0xb1231a4a2dd02f2276fa3c5e2a2f3436e6bfed23,2024-04-03,13,-18229.6,18229.6,1026.004099,13,0,2.9604,13,1.0,1712122200,71,Greed,2024-04-03,2.2164702133811036,Sell
0xb1231a4a2dd02f2276fa3c5e2a2f3436e6bfed23,2024-04-05,3,-579911.0,579911.0,0.0,0,0,0.0,3,0.0,1712295000,79,Extreme Greed,2024-04-05,0.0,Hold
0xb1231a4a2dd02f2276fa3c5e2a2f3436e6bfed23,2024-04-07,11,222.2843,222.2843,0.0,0,0,0.0,11,0.0,1712467800,78,Extreme Greed,2024-04-07,0.0,Hold
0xb1231a4a2dd02f2276fa3c5e2a2f3436e6bfed23,2024-04-08,27,217667.007355,221592.415045,0.0,0,0,0.0,27,0.0,1712554200,76,Extreme Greed,2024-04-08,0.0,Hold
0xb1231a4a2dd02f2276fa3c5e2a2f3436e6bfed23,2024-04-09,33,52193.95129,52195.64231,1065.785132,5,3,-1726.167456,33,0.625,1712640600,80,Extreme Greed,2024-04-09,1.859902797719216,Hold
0xb1231a4a2dd02f2276fa3c5e2a2f3436e6bfed23,2024-04-10,1,-307.367829,307.367829,0.0,0,0,0.0,1,0.0,1712727000,78,Extreme Greed,2024-04-10,0.0,Hold
0xb1231a4a2dd02f2276fa3c5e2a2f3436e6bfed23,2024-04-12,44,-23654.07,23654.07,274999.139393,44,0,12.362489,44,1.0,1712899800,79,Extreme Greed,2024-04-12,2.2382208125636045,Hold
0xb1231a4a2dd02f2276fa3c5e2a2f3436e6bfed23,2024-05-01,66,0.0,251.80766,164.141565,13,10,-231.8397,66,0.5652173913043478,1714541400,54,Neutral,2024-05-01,0.001336150194254098,Hold
0xb1231a4a2dd02f2276fa3c5e2a2f3436e6bfed23,2024-05-02,72,-4.547473508864641e-13,29741.6286,-33.45419400000003,14,18,-161.589,72,0.4375,1714627800,43,Fear,2024-05-02,-0.0002723165151139677,Buy
0xb1231a4a2dd02f2276fa3c5e2a2f3436e6bfed23,2024-05-04,8,-6726.5,6726.5,965.5522159999999,8,0,10.89836,8,1.0,1714800600,67,Greed,2024-05-04,0.007858869660354883,Sell
0xb1231a4a2dd02f2276fa3c5e2a2f3436e6bfed23,2024-05-07,12,5263.0,5263.0,0.0,0,0,0.0,12,0.0,1715059800,68,Greed,2024-05-07,0.0,Sell
0xb1231a4a2dd02f2276fa3c5e2a2f3436e6bfed23,2024-05-08,44,261617.0728,265524.5634,-8394.889856,26,3,-5028.066368,44,0.896551724137931,1715146200,64,Greed,2024-05-08,-2.153589740316671,Sell
0xb1231a4a2dd02f2276fa3c5e2a2f3436e6bfed23,2024-05-12,4,-3671.4,3671.4,49999.876084999996,4,0,4426.740219,4,1.0,1715491800,56,Greed,2024-05-12,2.1274065740012977,Sell
0xb1231a4a2dd02f2276fa3c5e2a2f3436e6bfed23,2024-06-01,22,2.2737367544323206e-13,7077.42664,135.58166400000002,10,2,-120.90096,22,0.8333333333333334,1717219800,72,Greed,2024-06-01,0.005772503914497927,Sell
0xb1231a4a2dd02f2276fa3c5e2a2f3436e6bfed23,2024-06-02,1088,5619943.00036,55455572.2847,-215.615907,179,344,-104.602479,1088,0.3422562141491396,1717306200,73,Greed,2024-06-02,-0.009140735784167103,Sell
0xb1231a4a2dd02f2276fa3c5e2a2f3436e6bfed23,2024-06-07,24,982715.0,983577.0,108.87217799999999,7,0,0.0,24,1.0,1717738200,77,Extreme Greed,2024-06-07,0.004617350560440391,Hold
0xb1231a4a2dd02f2276fa3c5e2a2f3436e6bfed23,2024-06-08,80,121342.69643,139660.69643,51.56325,5,0,0.0,80,1.0,1717824600,72,Greed,2024-06-08,0.0023068668658986027,Sell
0xb1231a4a2dd02f2276fa3c5e2a2f3436e6bfed23,2024-06-09,38,-1434.0,1434.0,-1104.856765,0,38,-142.946134,38,0.0,1717911000,75,Extreme Greed,2024-06-09,-2.116336137310025,Hold
0xb1231a4a2dd02f2276fa3c5e2a2f3436e6bfed23,2024-06-12,25,-5458.39,5458.39,74999.848329,25,0,15.949989,25,1.0,1718170200,72,Greed,2024-06-12,2.227222737962036,Sell
0xb1231a4a2dd02f2276fa3c5e2a2f3436e6bfed23,2024-07-01,97,8310.796709999995,165182.52107,-835.681235,9,28,-199.52222,97,0.24324324324324326,1719811800,53,Neutral,2024-07-01,-0.024765180159988513,Hold
0xb1231a4a2dd02f2276fa3c5e2a2f3436e6bfed23,2024-07-02,15,11788.5,13261.9,241.24212,2,0,0.0,15,1.0,1719898200,51,Neutral,2024-07-02,0.00715215376356687,Hold
0xb1231a4a2dd02f2276fa3c5e2a2f3436e6bfed23,2024-07-05,7,539993.0,619829.0,227.320653,2,0,0.0,7,1.0,1720157400,29,Fear,2024-07-05,0.006743211142753282,Buy
0xb1231a4a2dd02f2276fa3c5e2a2f3436e6bfed23,2024-07-06,14,583.0,583.0,0.0,0,0,0.0,14,0.0,1720243800,26,Fear,2024-07-06,0.0,Buy
0xb1231a4a2dd02f2276fa3c5e2a2f3436e6bfed23,2024-07-07,10,-125.0,125.0,61.428942,10,0,2.457158,10,1.0,1720330200,29,Fear,2024-07-07,0.13793639315474393,Buy
0xb1231a4a2dd02f2276fa3c5e2a2f3436e6bfed23,2024-07-08,21,-2404.0,27072.0,188.789255,10,0,0.0,21,1.0,1720416600,28,Fear,2024-07-08,1.7612707911201255,Buy
0xb1231a4a2dd02f2276fa3c5e2a2f3436e6bfed23,2024-07-12,5,-5168.16,5168.16,74999.62263,3,0,0.0,5,1.0,1720762200,25,Fear,2024-07-12,2.239624527120275,Buy
0xb1231a4a2dd02f2276fa3c5e2a2f3436e6bfed23,2024-08-01,128,-6817.796709999999,108119.81523000001,-269.874439,32,35,-885.226353,128,0.47761194029850745,1722490200,52,Neutral,2024-08-01,-0.008045514296408842,Hold
0xb1231a4a2dd02f2276fa3c5e2a2f3436e6bfed23,2024-08-02,10,-5608949.7,5609953.100000001,770.756024,4,0,0.0,10,1.0,1722576600,57,Greed,2024-08-02,0.02303584438111585,Sell
0xb1231a4a2dd02f2276fa3c5e2a2f3436e6bfed23,2024-08-07,1,156.0,156.0,0.0,0,0,0.0,1,0.0,1723008600,29,Fear,2024-08-07,0.0,Buy
0xb1231a4a2dd02f2276fa3c5e2a2f3436e6bfed23,2024-08-08,5,12409.4082,12409.4082,0.0,0,0,0.0,5,0.0,1723095000,20,Extreme Fear,2024-08-08,0.0,Hold
0xb1231a4a2dd02f2276fa3c5e2a2f3436e6bfed23,2024-08-10,1,-393.379902,393.379902,0.0,0,0,0.0,1,0.0,1723267800,40,Fear,2024-08-10,0.0,Buy
0xb1231a4a2dd02f2276fa3c5e2a2f3436e6bfed23,2024-08-12,145,-566333.51,566333.51,0.0,0,0,0.0,145,0.0,1723440600,25,Fear,2024-08-12,0.0,Buy
0xb1231a4a2dd02f2276fa3c5e2a2f3436e6bfed23,2024-09-01,70,-1472.08876,129356.31168,-826.349863,18,10,-1685.2222,70,0.6428571428571429,1725168600,26,Fear,2024-09-01,-2.2360679715231675,Buy
0xb1231a4a2dd02f2276fa3c5e2a2f3436e6bfed23,2024-09-05,3,-34598.0,34598.0,0.0,0,0,0.0,3,0.0,1725514200,29,Fear,2024-09-05,0.0,Buy
0xb1231a4a2dd02f2276fa3c5e2a2f3436e6bfed23,2024-09-06,12,474.0,474.0,0.0,0,0,0.0,12,0.0,1725600600,22,Extreme Fear,2024-09-06,0.0,Hold
0xb1231a4a2dd02f2276fa3c5e2a2f3436e6bfed23,2024-09-07,15,-600.0,600.0,648.984412,15,0,3.083593,15,1.0,1725687000,23,Extreme Fear,2024-09-07,1.2388362077024917,Hold
0xb1231a4a2dd02f2276fa3c5e2a2f3436e6bfed23,2024-09-08,60,42331.43557,52215.56443,6783.078347,17,14,-232.54022,60,0.5483870967741935,1725773400,29,Fear,2024-09-08,2.189596989589009,Buy
0xb1231a4a2dd02f2276fa3c5e2a2f3436e6bfed23,2024-09-09,2,349080.0,349080.0,0.0,0,0,0.0,2,0.0,1725859800,26,Fear,2024-09-09,0.0,Buy
0xb1231a4a2dd02f2276fa3c5e2a2f3436e6bfed23,2024-10-01,193,-20.911239999998372,200302.43156,-1517.091342,41,42,-1032.98154,193,0.4939759036144578,1727760600,50,Neutral,2024-10-01,-0.4696656558042365,Hold
0xb1231a4a2dd02f2276fa3c5e2a2f3436e6bfed23,2024-10-07,13,-6559.6,6559.6,382.10788099999996,5,0,0.0,13,1.0,1728279000,50,Neutral,2024-10-07,0.1194258236393295,Hold
0xb1231a4a2dd02f2276fa3c5e2a2f3436e6bfed23,2024-10-08,87,150311.78,150311.78,0.0,0,0,0.0,87,0.0,1728365400,49,Neutral,2024-10-08,0.0,Hold
0xb1231a4a2dd02f2276fa3c5e2a2f3436e6bfed23,2024-10-09,1,66673.0,66673.0,0.0,0,0,0.0,1,0.0,1728451800,49,Neutral,2024-10-09,0.0,Hold
0xb1231a4a2dd02f2276fa3c5e2a2f3436e6bfed23,2024-11-01,19,5.684341886080802e-14,845.43972,-164.08950099999998,5,4,-406.568766,19,0.5555555555555556,1730439000,75,Extreme Greed,2024-11-01,-0.22449701889845494,Hold
0xb1231a4a2dd02f2276fa3c5e2a2f3436e6bfed23,2024-11-02,34,25512.81345,26558.56903,983.443176,7,0,0.0,34,1.0,1730525400,72,Greed,2024-11-02,2.1316451779732972,Sell
0xb1231a4a2dd02f2276fa3c5e2a2f3436e6bfed23,2024-11-06,75,8133.994,8133.994,4269.550668,8,0,0.0,75,1.0,1730871000,70,Greed,2024-11-06,2.278612518650641,Sell
0xb1231a4a2dd02f2276fa3c5e2a2f3436e6bfed23,2024-11-08,16,95509.0,95509.0,0.0,0,0,0.0,16,0.0,1731043800,75,Extreme Greed,2024-11-08,0.0,Hold
0xb1231a4a2dd02f2276fa3c5e2a2f3436e6bfed23,2024-11-12,156,-18108.36,18108.36,274998.942584,156,0,8.949705,156,1.0,1731389400,80,Extreme Greed,2024-11-12,2.246221903794276,Hold
0xb1231a4a2dd02f2276fa3c5e2a2f3436e6bfed23,2024-12-01,7,1538.0,1542.27934,-1925.519024,0,2,-1790.004944,7,0.0,1733031000,81,Extreme Greed,2024-12-01,-0.015701632907470914,Hold
0xb1231a4a2dd02f2276fa3c5e2a2f3436e6bfed23,2024-12-02,16,-37.813810000000004,1017.55939,913.8817869999998,6,9,-992.159844,16,0.4,1733117400,80,Extreme Greed,2024-12-02,0.007451771924679629,Hold
0xb1231a4a2dd02f2276fa3c5e2a2f3436e6bfed23,2024-12-04,15,4845316.0,4845316.0,-2830.444513,0,15,-884.134485,15,0.0,1733290200,78,Extreme Greed,2024-12-04,-0.022933100038827613,Hold
0xb1231a4a2dd02f2276fa3c5e2a2f3436e6bfed23,2024-12-05,13,-33268.97,34529.03,0.0,0,0,0.0,13,0.0,1733376600,84,Extreme Greed,2024-12-05,0.0,Hold
0xb1231a4a2dd02f2276fa3c5e2a2f3436e6bfed23,2024-12-06,37,654.0,654.0,0.0,0,0,0.0,37,0.0,1733463000,72,Greed,2024-12-06,0.0,Sell
0xb1231a4a2dd02f2276fa3c5e2a2f3436e6bfed23,2024-12-07,9,6383.6,6383.6,1412.314654,9,0,21.751275,9,1.0,1733549400,75,Extreme Greed,2024-12-07,0.8598905599898107,Hold
0xb1231a4a2dd02f2276fa3c5e2a2f3436e6bfed23,2024-12-08,31,46456.0,56392.0,0.0,0,0,0.0,31,0.0,1733635800,79,Extreme Greed,2024-12-08,0.0,Hold
0xb1231a4a2dd02f2276fa3c5e2a2f3436e6bfed23,2024-12-12,314,-25720.09,25720.09,449328.107544,314,0,4.484998,314,1.0,1733981400,83,Extreme Greed,2024-12-12,2.2378160650957413,Hold
0xb1231a4a2dd02f2276fa3c5e2a2f3436e6bfed23,2025-01-02,11,58143.0,58143.0,15452.344326,3,0,0.0,11,1.0,1735795800,70,Greed,2025-01-02,0.0775850085062337,Sell
0xb1231a4a2dd02f2276fa3c5e2a2f3436e6bfed23,2025-01-05,73,-3468.8,5655.2,102460.17164,57,0,0.0,73,1.0,1736055000,72,Greed,2025-01-05,0.532734595074237,Sell
0xb1231a4a2dd02f2276fa3c5e2a2f3436e6bfed23,2025-02-01,6,32865.0,32865.0,0.0,0,0,0.0,6,0.0,1738387800,68,Greed,2025-02-01,0.0,Sell
0xb1231a4a2dd02f2276fa3c5e2a2f3436e6bfed23,2025-02-02,88,182095.2,182095.2,69051.70619,71,0,0.0,88,1.0,1738474200,60,Greed,2025-02-02,0.3738987271458148,Sell
0xb1231a4a2dd02f2276fa3c5e2a2f3436e6bfed23,2025-03-01,18,37015.0,37015.0,0.0,0,0,0.0,18,0.0,1740807000,20,Extreme Fear,2025-03-01,0.0,Hold
0xb1231a4a2dd02f2276fa3c5e2a2f3436e6bfed23,2025-03-02,258,193252.81,207245.67,46742.288748,89,0,0.0,258,1.0,1740893400,26,Fear,2025-03-02,1.0501836775821296,Buy
0xb1231a4a2dd02f2276fa3c5e2a2f3436e6bfed23,2025-03-04,9,4444.4400000000005,4444.4400000000005,0.0,0,0,0.0,9,0.0,1741066200,15,Extreme Fear,2025-03-04,0.0,Hold
0xb1231a4a2dd02f2276fa3c5e2a2f3436e6bfed23,2025-04-01,19,-36449.0,110195.0,1659.7995640000001,13,0,0.0,19,1.0,1743485400,34,Fear,2025-04-01,0.05124293113389027,Buy
0xb1231a4a2dd02f2276fa3c5e2a2f3436e6bfed23,2025-04-02,661,-12789.710000000001,63773.05,16102.444634,238,20,-72.658068,661,0.9224806201550387,1743571800,44,Fear,2025-04-02,0.8014444611673235,Buy
0xb1231a4a2dd02f2276fa3c5e2a2f3436e6bfed23,2025-04-03,77,138185.49000000002,138185.49000000002,0.0,0,0,0.0,77,0.0,1743658200,25,Fear,2025-04-03,0.0,Buy
0xb1231a4a2dd02f2276fa3c5e2a2f3436e6bfed23,2025-04-04,99,-3892.93,9726.75,2242.086667,65,0,0.0,99,1.0,1743744600,28,Fear,2025-04-04,0.3278837061854615,Buy
0xb1231a4a2dd02f2276fa3c5e2a2f3436e6bfed23,2025-05-01,33,-36860.64202,36860.64202,956.5545050000001,32,0,0.0,33,1.0,1746077400,53,Neutral,2025-05-01,0.14254964679628443,Hold
0xb1231a4a2dd02f2276fa3c5e2a2f3436e6bfed23,2025-05-02,218,-5148.22,19951.94,14644.100674,92,0,0.0,218,1.0,1746163800,67,Greed,2025-05-02,1.855225510925889,Sell
0xb899e522b5715391ae1d4f137653e7906c5e2115,2025-02-03,155,9.237055564881302e-14,8219.073,34795.678173,75,0,0.0,155,1.0,1738560600,44,Fear,2025-02-03,2.3499730559040795,Buy
0xb899e522b5715391ae1d4f137653e7906c5e2115,2025-03-03,31,5.684341886080802e-14,3364.7200000000003,535.4072209999999,14,0,0.0,31,1.0,1740979800,33,Fear,2025-03-03,0.03638930376269906,Buy
0xb899e522b5715391ae1d4f137653e7906c5e2115,2025-03-04,24,0.0,19183.74542,361.071464,7,0,0.0,24,1.0,1741066200,15,Extreme Fear,2025-03-04,0.02406701342566018,Hold
0xb899e522b5715391ae1d4f137653e7906c5e2115,2025-04-03,124,-1.7053025658242404e-13,16283.12,4578.655427,63,0,0.0,124,1.0,1743658200,25,Fear,2025-04-03,0.3153121704776448,Buy
0xb899e522b5715391ae1d4f137653e7906c5e2115,2025-04-04,6,1.21988,1.21988,0.0,0,0,0.0,6,0.0,1743744600,28,Fear,2025-04-04,0.0,Buy
0xbaaaf6571ab7d571043ff1e313a9609a10637864,2025-01-05,1,-0.2,0.2,1.86032,1,0,1.86032,1,1.0,1736055000,72,Greed,2025-01-05,0.0009486728818817654,Sell
0xbaaaf6571ab7d571043ff1e313a9609a10637864,2025-02-04,743,-207805.26,207805.26,188114.980392,743,0,0.008057,743,1.0,1738647000,72,Greed,2025-02-04,2.250246297152426,Sell
0xbaaaf6571ab7d571043ff1e313a9609a10637864,2025-03-04,937,-202.67999999999353,362990.26,3869.208803,476,22,-2.609397,937,0.9558232931726908,1741066200,15,Extreme Fear,2025-03-04,0.0464993014095786,Hold
0xbaaaf6571ab7d571043ff1e313a9609a10637864,2025-04-03,563,224499.02,224499.02,0.0,0,0,0.0,563,0.0,1743658200,25,Fear,2025-04-03,0.0,Buy
0xbaaaf6571ab7d571043ff1e313a9609a10637864,2025-04-04,318,-24524.7,61002.5,9367.872074,216,2,-5.444032,318,0.9908256880733946,1743744600,28,Fear,2025-04-04,0.11322542731763928,Buy
0xbd5fead7180a9c139fa51a103cb6a2ce86ddb5c3,2024-10-12,52,-148000.0,148000.0,0.0,0,0,0.0,52,0.0,1728711000,49,Neutral,2024-10-12,0.0,Hold
0xbd5fead7180a9c139fa51a103cb6a2ce86ddb5c3,2024-11-12,17,-12000.0,12000.0,0.0,0,0,0.0,17,0.0,1731389400,80,Extreme Greed,2024-11-12,0.0,Hold
0xbd5fead7180a9c139fa51a103cb6a2ce86ddb5c3,2024-12-12,1,-5000.0,5000.0,0.0,0,0,0.0,1,0.0,1733981400,83,Extreme Greed,2024-12-12,0.0,Hold
0xbd5fead7180a9c139fa51a103cb6a2ce86ddb5c3,2025-01-04,28,0.0,300000.0,-9311.892185,0,20,-2483.57772,28,0.0,1735968600,73,Greed,2025-01-04,-1.4099716199814198,Sell
0xbd5fead7180a9c139fa51a103cb6a2ce86ddb5c3,2025-01-05,116,55.0,1075.0,-113601.02013799999,1,76,-11199.63611,116,0.012987012987012988,1736055000,72,Greed,2025-01-05,-2.2753920385305673,Sell
0xbd5fead7180a9c139fa51a103cb6a2ce86ddb5c3,2025-02-03,84,4032.2,4032.2,-2632.65866,0,14,-1123.011648,84,0.0,1738560600,44,Fear,2025-02-03,-0.053062009956080285,Buy
0xbd5fead7180a9c139fa51a103cb6a2ce86ddb5c3,2025-02-04,66,-3002.15,3002.15,2676.6850000000004,62,0,0.0,66,1.0,1738647000,72,Greed,2025-02-04,0.053569480241539257,Sell
0xbd5fead7180a9c139fa51a103cb6a2ce86ddb5c3,2025-03-01,61,-93000.0,93000.0,0.0,0,0,0.0,61,0.0,1740807000,20,Extreme Fear,2025-03-01,0.0,Hold
0xbd5fead7180a9c139fa51a103cb6a2ce86ddb5c3,2025-03-02,69,400001.0,400001.0,160022.95082600001,69,0,39.6244,69,1.0,1740893400,26,Fear,2025-03-02,1.6397564028299307,Buy
0xbd5fead7180a9c139fa51a103cb6a2ce86ddb5c3,2025-03-03,136,131955.8,138050.2,57561.35367,112,13,-317.543472,136,0.896,1740979800,33,Fear,2025-03-03,0.8252082468011689,Buy
0xbd5fead7180a9c139fa51a103cb6a2ce86ddb5c3,2025-03-04,12,150000.0,150000.0,-5862.0887760000005,0,12,-1430.889856,12,0.0,1741066200,15,Extreme Fear,2025-03-04,-0.08338581455462893,Hold
0xbd5fead7180a9c139fa51a103cb6a2ce86ddb5c3,2025-04-02,18,-100000.0,100000.0,0.0,0,0,0.0,18,0.0,1743571800,44,Fear,2025-04-02,0.0,Buy
0xbd5fead7180a9c139fa51a103cb6a2ce86ddb5c3,2025-04-03,2,2.0,2.0,0.0,0,0,0.0,2,0.0,1743658200,25,Fear,2025-04-03,0.0,Buy
0xbd5fead7180a9c139fa51a103cb6a2ce86ddb5c3,2025-04-04,132,-145612.97414,147698.97414,-43753.361578,24,35,-17323.49327,132,0.4067796610169492,1743744600,28,Fear,2025-04-04,-1.2077762249709778,Buy
0xbee1707d6b44d4d52bfe19e41f8a828645437aab,2024-08-12,92,-10071.458200000001,14851.541799999999,15206.395076,84,0,0.0,92,1.0,1723440600,25,Fear,2024-08-12,0.6899254163416932,Buy
0xbee1707d6b44d4d52bfe19e41f8a828645437aab,2024-09-12,143,14780.31,19128.35,2397.068675,9,0,0.0,143,1.0,1726119000,31,Fear,2024-09-12,0.10681171841794848,Buy
0xbee1707d6b44d4d52bfe19e41f8a828645437aab,2024-10-12,928,1102.1100000000015,126021.95,26600.990442,535,173,-342.673578,928,0.7556497175141242,1728711000,49,Neutral,2024-10-12,0.995010432463851,Hold
0xbee1707d6b44d4d52bfe19e41f8a828645437aab,2024-11-12,530,-38182.33,45484.83,24663.690943,519,0,0.0,530,1.0,1731389400,80,Extreme Greed,2024-11-12,0.8533820994526169,Hold
0xbee1707d6b44d4d52bfe19e41f8a828645437aab,2024-12-12,1041,-18699.215,98039.4184,130826.491662,848,20,-634.279258,1041,0.9769585253456221,1733981400,83,Extreme Greed,2024-12-12,2.530337813026016,Hold
0xbee1707d6b44d4d52bfe19e41f8a828645437aab,2025-01-02,187,1412.78,8425.48,2954.521713,133,0,0.0,187,1.0,1735795800,70,Greed,2025-01-02,0.05529720417213749,Sell
0xbee1707d6b44d4d52bfe19e41f8a828645437aab,2025-01-03,51,1294.9199999999998,3556.2999999999997,446.358633,16,0,0.0,51,1.0,1735882200,74,Greed,2025-01-03,0.00830337696003033,Sell
0xbee1707d6b44d4d52bfe19e41f8a828645437aab,2025-01-04,35,-427.0199999999999,3169.88,147.445788,27,0,0.0,35,1.0,1735968600,73,Greed,2025-01-04,0.0026194047730211047,Sell
0xbee1707d6b44d4d52bfe19e41f8a828645437aab,2025-01-05,131,-254.33000000000015,16301.69,1364.022527,43,51,-95.979375,131,0.4574468085106383,1736055000,72,Greed,2025-01-05,0.023530420487415406,Sell
0xbee1707d6b44d4d52bfe19e41f8a828645437aab,2025-02-02,131,2573.0,10424.14,-329.680689,38,20,-320.114175,131,0.6551724137931034,1738474200,60,Greed,2025-02-02,-0.25436832110600577,Sell
0xbee1707d6b44d4d52bfe19e41f8a828645437aab,2025-02-03,102,-2476.88,10246.2,2576.6453030000002,55,0,0.0,102,1.0,1738560600,44,Fear,2025-02-03,2.239869016472207,Buy
0xbee1707d6b44d4d52bfe19e41f8a828645437aab,2025-02-04,118,427.02,8724.58,1842.839943,76,0,0.0,118,1.0,1738647000,72,Greed,2025-02-04,1.536861629722974,Sell
0xbee1707d6b44d4d52bfe19e41f8a828645437aab,2025-03-02,325,-4146.61,24738.71,5803.573999,138,41,-95.347247,325,0.770949720670391,1740893400,26,Fear,2025-03-02,2.5736493954294737,Buy
0xbee1707d6b44d4d52bfe19e41f8a828645437aab,2025-03-03,73,3230.9700000000003,7269.77,2448.046511,48,0,0.0,73,1.0,1740979800,33,Fear,2025-03-03,1.11286057400934,Buy
0xbee1707d6b44d4d52bfe19e41f8a828645437aab,2025-03-04,261,19042.26,36400.36,-3368.876326,0,69,-660.69525,261,0.0,1741066200,15,Extreme Fear,2025-03-04,-1.018622229118729,Hold
0xbee1707d6b44d4d52bfe19e41f8a828645437aab,2025-04-02,248,-11.329999999999927,13085.61,806.765131,71,41,-484.078894,248,0.6339285714285714,1743571800,44,Fear,2025-04-02,0.24401703134792538,Buy
0xbee1707d6b44d4d52bfe19e41f8a828645437aab,2025-04-03,979,3750.91,89801.19,-4934.6700519999995,377,122,-1406.304213,979,0.7555110220440882,1743658200,25,Fear,2025-04-03,-1.132749832176249,Buy
0xbee1707d6b44d4d52bfe19e41f8a828645437aab,2025-04-04,326,-9324.07,40269.23,-4513.160132,52,152,-475.673926,326,0.2549019607843137,1743744600,28,Fear,2025-04-04,-1.3542177070051298,Buy
0xbee1707d6b44d4d52bfe19e41f8a828645437aab,2025-05-02,14,183.19999999999993,1963.1599999999999,713.82809,11,0,0.0,14,1.0,1746163800,67,Greed,2025-05-02,0.2535321670147382,Sell
